Comment,Label,Predictions
Einfach wunderbar! Danke fÃ¼r deine harte Arbeit und dein Talent! ğŸ“ğŸŒº,bot,1
Sehr informativ und interessant! Danke fÃ¼r solche Inhalte! ğŸ’âœ¨,bot,1
Sehr interessantes Videoformat! Vielen Dank fÃ¼r diesen unkonventionellen Ansatz! ğŸ±ğŸ’,bot,1
Einfach wunderbar! Danke fÃ¼r deine harte Arbeit und dein Talent! ğŸ˜˜ğŸ­,bot,1
"Vielen Dank fÃ¼r Ihre harte Arbeit und die Energie, die Sie in jedes Video stecken! ğŸ‘„ğŸ˜»ğŸ‘…",bot,1
Deine Videos sind immer so hilfreich! Vielen Dank fÃ¼r das neue Wissen! ğŸ’šğŸ“,bot,1
Ihre Videos sind immer so informativ und interessant! Ich danke Ihnen dafÃ¼r! ğŸ’‹ğŸ”¥,bot,1
Ihre Videos sind immer so informativ und aufschlussreich! Vielen Dank fÃ¼r dieses Video! ğŸ’šğŸ“,bot,1
Mir hat es sehr gut gefallen! Danke fÃ¼r eine tolle Zeit! ğŸ’ğŸ§¡,bot,1
Danke fÃ¼r so interessante Ideen! Ihre Videos sind immer wieder inspirierend! ğŸ‘…ğŸ’‹,bot,1
Sehr interessantes und informatives Video! Vielen Dank fÃ¼r Ihre Liebe zum Detail! âœ¨ğŸ“,bot,1
Vielen Dank fÃ¼r die Informationen! Ihre Videos sind immer erstklassig! ğŸ˜šğŸ’,bot,1
Sehr cool! Vielen Dank fÃ¼r Ihr Engagement fÃ¼r Exzellenz! âœ¨ğŸ“,bot,1
Sehr interessante Herangehensweise an das Thema! Vielen Dank fÃ¼r dieses informative Video! ğŸ’–ğŸ˜˜,bot,1
Tolle Themenwahl! Danke fÃ¼r deine interessanten und fesselnden Inhalte! ğŸ­ğŸ’,bot,1
Deine Videos sind immer so hilfreich! Vielen Dank fÃ¼r das neue Wissen! ğŸ±ğŸ’,bot,1
Danke fÃ¼r die frÃ¶hlichen Emotionen! Ihre Videos sind immer so inspirierend! ğŸ‘„ğŸ˜»ğŸ‘…,bot,1
Ihre Videos sind immer so informativ und interessant! Ich danke Ihnen dafÃ¼r! ğŸ’šğŸ“,bot,1
Sehr interessante Herangehensweise an das Thema! Danke fÃ¼r so ein informatives Video! ğŸ’‹ğŸ”¥,bot,1
Deine Videos sind immer so lohnend und unterhaltsam. Danke fÃ¼r deine Arbeit und dein Talent!ğŸ‹ğŸ‘â˜ƒï¸,bot,1
Danke fÃ¼r die nÃ¼tzlichen Informationen! Mit welchem Objektiv hast du dieses Video gedreht? ğŸ§¡ğŸ’–,bot,1
Sehr interessante Herangehensweise an das Thema! Vielen Dank fÃ¼r dieses informative Video! ğŸ˜»ğŸ‘…,bot,1
"Danke fÃ¼r Ihre Tipps zum Drehbuchschreiben! Wie entscheiden Sie, welche Dialoge Sie in Ihre Videos aufnehmen? ğŸ’‹ğŸ”¥",bot,1
Deine Videos sind eine wahre Oase fÃ¼r den Geist und die Seele. Danke fÃ¼r deine KreativitÃ¤t und Inspiration!ğŸ”ºğŸª–ğŸ™€,bot,1
Danke fÃ¼r die frÃ¶hlichen Emotionen! Ihre Videos sind immer so inspirierend! ğŸ’âœ¨,bot,1
Ihre Videos sind immer eine Freude zu sehen. Danke fÃ¼r dein KÃ¶nnen und deine KreativitÃ¤t!ğŸ¥‚ğŸš²ğŸ”¶,bot,1
Deine Videos sind immer so hilfreich! Vielen Dank fÃ¼r das neue Wissen! ğŸ˜›ğŸ’•,bot,1
Fantastisch! Vielen Dank fÃ¼r Ihre harte Arbeit und Ihr Talent! ğŸ‘„ğŸ˜»ğŸ‘…,bot,1
Ihre Videos sind immer so unterhaltsam und informativ! Vielen Dank fÃ¼r diesen Beitrag! ğŸ’‹ğŸ”¥,bot,1
Deine Videos sind immer so hilfreich! Vielen Dank fÃ¼r das neue Wissen! ğŸ˜˜ğŸ­,bot,1
Danke fÃ¼r diese lehrreichen ErzÃ¤hlungen und der musikalischen Untermalung.ğŸ™ğŸ’•,bot,1
Deine Videos sind immer voller KreativitÃ¤t und Stil. Vielen Dank fÃ¼r Ihr KÃ¶nnen!ğŸ±ğŸ’–ğŸŒ,bot,1
Welche Video-Blogger auf YouTube inspirieren dich? ğŸ˜˜ğŸ­,bot,1
Danke fÃ¼r deine harte Arbeit und Hingabe. Deine Videos sind immer eine Freude zu sehen.ğŸµğŸŸ«ğŸ¤™,bot,1
Ich schÃ¤tze Ihre Arbeit sehr! Ihre Videos sind immer von so hoher QualitÃ¤t und WÃ¤rme. Machen Sie weiter so!ğŸ“¹ğŸ®ğŸ¤­,bot,1
Sehr anregend! Ich werde mich auf weitere Videos freuen! ğŸ“ğŸŒº,bot,1
"Deine Videos sind immer so spitzbÃ¼bisch und unterhaltsam! Vielen Dank fÃ¼r deinen Sinn fÃ¼r Humor und deine FÃ¤higkeit, uns den Tag zu verschÃ¶nern und SpaÃŸ zu bereiten!ğŸğŸŒ„ğŸ”",bot,1
Deine Videos sind immer so hilfreich! Vielen Dank fÃ¼r das neue Wissen! ğŸ’ğŸ§¡,bot,1
"Dein Kanal ist nicht nur eine Sammlung von Videos, er ist eine Bibliothek des Wissens und der Unterhaltung. Nimm uns weiterhin mit auf diese spannende Reise!ğŸŒ–ğŸ¥¬ğŸ¬",bot,1
Ihre Videos sind immer so unterhaltsam und informativ! Vielen Dank fÃ¼r diesen Beitrag! ğŸ’ğŸ±,bot,1
"Es ist immer ein VergnÃ¼gen, Ihre Videos anzuschauen - viele nÃ¼tzliche Informationen und tolle FilmqualitÃ¤t. Sie sind der Beste!ğŸ¥©ğŸ«â˜ƒï¸",bot,1
"Dein Kanal ist eine wahre Oase fÃ¼r Geist und Seele. Danke fÃ¼r deine WÃ¤rme und das Licht, das du in unser Leben bringst!ğŸ ğŸ˜ğŸ¦­",bot,1
"Deine Videos heitern mich immer auf und lassen mich meine Probleme vergessen. Danke fÃ¼r deine FÃ¤higkeit, uns glÃ¼cklich zu machen!ğŸ§¨âŒ¨ï¸ğŸ‘ğŸ»",bot,1
GroÃŸartige Arbeit! Vielen Dank fÃ¼r so interessante Inhalte! ğŸ“ğŸŒº,bot,1
Deine Videos sind immer so aufrichtig und intelligent. Vielen Dank fÃ¼r deinen Beitrag zur Bildung und Entwicklung der Gemeinschaft!ğŸŒğŸšŒğŸ§,bot,1
Dein Talent kennt keine Grenzen! Danke fÃ¼r deine KreativitÃ¤t und dein Engagement.ğŸŒœğŸŒ¾âœ¨,bot,1
Hat wirklich SpaÃŸ gemacht! Ich freue mich auf weitere Videos! ğŸ“ğŸŒº,bot,1
Deine Videos sind immer eine Quelle der PositivitÃ¤t und guten Laune. Vielen Dank fÃ¼r deine lustige und kreative Arbeit!ğŸª€ğŸ’™ğŸ¦¾,bot,1
Vielen Dank fÃ¼r Ihre Initiative! Wie planen Sie normalerweise die VerÃ¶ffentlichung Ihrer Videos? ğŸ’âœ¨,bot,1
"Dein Kanal ist eine wahre Oase fÃ¼r Geist und Seele. Danke fÃ¼r deine WÃ¤rme und das Licht, das du in unser Leben bringst!ğŸ®ğŸ¦¾ğŸ’§",bot,1
Ihre Videos sind immer ein hoher QualitÃ¤tsstandard auf YouTube. Vielen Dank fÃ¼r Ihre Arbeit!ğŸ§ğŸ›ğŸ›«,bot,1
Danke fÃ¼r die informative FÃ¼hrung Ã¼ber die Messe der InnovationenğŸ‘ğŸ˜ƒ,bot,0
Ihre Videos sind ein Beispiel dafÃ¼r wie Inhalte gemacht sein sollten. Qualitativ hochwertig gefilmt geschickt geschnitten und mit nÃ¼tzlichen Informationen versehen. Ich danke Ihnen!Sie sind wahre Meister! Ihre Inhalte gefallen immer durch hohe QualitÃ¤t und ProfessionalitÃ¤t. Erfreuen Sie uns weiterhin mit Ihren Werken.â›¹ï¸ğŸŒŸğŸ’»,bot,1
Einfach wunderbar! Danke fÃ¼r deine harte Arbeit und dein Talent! ğŸ’âœ¨,bot,1
Ihre Videos sind immer so unterhaltsam und informativ! Vielen Dank fÃ¼r diesen Beitrag! âœ¨ğŸ“,bot,1
Tolle Themenwahl! Danke fÃ¼r das faszinierende Video! ğŸ”¥ğŸ˜›,bot,1
Sehr interessantes Thema! Danke fÃ¼r das tolle Video! ğŸ’•ğŸ˜š,bot,1
Ihre Videos sind immer so informativ und aufschlussreich! Vielen Dank fÃ¼r dieses Video! ğŸ˜»ğŸ‘…,bot,1
Vielen Dank fÃ¼r diese inspirierenden Videos! Sie sind einfach wunderbar! ğŸ’šğŸ“,bot,1
Wie wichtig ist Ihrer Meinung nach die Liebe zum Detail bei der Erstellung von Inhalten? ğŸ’ğŸ§¡,bot,1
Danke fÃ¼r die ausfÃ¼hrliche ErklÃ¤rung! KÃ¶nnen Sie die besten Kurse zu diesem Thema empfehlen? ğŸ‘…ğŸ’‹,bot,1
Danke fÃ¼r die Inspiration! Welche YouTube-KanÃ¤le schauen Sie selbst am liebsten? ğŸ±ğŸ’,bot,1
Deine Videos sind immer so inspirierend! Danke fÃ¼r deine Energie! ğŸ±ğŸ’,bot,1
Deine Videos sind immer ein Genuss. Vielen Dank fÃ¼r Ihr KÃ¶nnen und Ihre KreativitÃ¤t!ğŸ©ğŸ‘‹ğŸ”º,bot,1
Es hat mir sehr gut gefallen! Danke fÃ¼r die lebendigen Emotionen und die nÃ¼tzlichen Informationen! ğŸ‘„ğŸ˜»ğŸ‘…,bot,1
"Deine Videos sind nicht nur Inhalt, sie sind eine Quelle der Inspiration und des Lernens. Danke fÃ¼r deine KreativitÃ¤t und deine Arbeit!ğŸ˜½ğŸ§­ğŸ’¦",bot,1
GroÃŸartige Arbeit! Vielen Dank fÃ¼r so interessante Inhalte! ğŸ’‹ğŸ”¥,bot,1
GroÃŸartige Arbeit! Vielen Dank fÃ¼r so interessante Inhalte! ğŸ§¡ğŸ’–,bot,1
Sehr cool! Vielen Dank fÃ¼r Ihre Liebe zum Detail! ğŸ˜»ğŸ‘…,bot,1
Dein Kanal ist eine wahre Fundgrube der Inspiration. Vielen Dank fÃ¼r Ihren Beitrag!ğŸ‘ ğŸ‘ŠğŸº,bot,1
"Danke fÃ¼r Ihre Tipps zum Drehbuchschreiben! Wie entscheiden Sie, welche Dialoge Sie in Ihre Videos aufnehmen? âœ¨ğŸ“",bot,1
Deine Videos sind immer voll von KreativitÃ¤t und Stil. Vielen Dank fÃ¼r dein handwerkliches Geschick.ğŸ‡ğŸ¦“ğŸ˜‡,bot,1
Vielen Dank fÃ¼r Ihre ProfessionalitÃ¤t und Ihr Talent. Ihre Videos sind immer beeindruckend.ğŸ”´ğŸ’ªğŸˆ,bot,1
Sehr interessantes und informatives Video! Vielen Dank fÃ¼r Ihre Liebe zum Detail! ğŸ˜»ğŸ‘…,bot,1
Ihre Videos sind immer so klar und verstÃ¤ndlich! Danke fÃ¼r die hilfreichen Lektionen! ğŸ’šğŸ“,bot,1
"Tolles Video! Ich mag die Art und Weise, wie Sie das Material prÃ¤sentieren - alles ist klar, verstÃ¤ndlich und professionell. Machen Sie uns weiterhin mit Ihrer Arbeit glÃ¼cklich!ğŸ¢â›¸ğŸ„â€",bot,1
Sehr cool! Vielen Dank fÃ¼r Ihre Liebe zum Detail! ğŸ’ğŸ§¡,bot,1
Tolle Arbeit! Ich freue mich auf weitere Videos von dir! ğŸ’–ğŸ˜˜,bot,1
Deine Videos sind ein wahrer Urlaubsort fÃ¼r den Geist und die Seele. Danke fÃ¼r dein talentiertes Kanalmanagement und die tollen Inhalte!ğŸ†ğŸâŒ¨ï¸,bot,1
Ihre Videos sind immer voller KreativitÃ¤t und Stil. Vielen Dank fÃ¼r Ihr KÃ¶nnen!ğŸ¦©ğŸ«’ğŸŒ¹,bot,1
Fantastisch! Vielen Dank fÃ¼r Ihre harte Arbeit und Ihr Talent! ğŸ’ğŸ±,bot,1
"Deine Videos sind nicht nur Inhalt, sie sind echte geistige Nahrung. Vielen Dank fÃ¼r deine KreativitÃ¤t und deine BemÃ¼hungen!ğŸ¦„ğŸ‘ŠğŸ›·",bot,1
Deine Ideen sind immer frisch und originell. Vielen Dank fÃ¼r die Inspiration!ğŸš€ğŸ¥•ğŸ”,bot,1
Jedes deiner Videos ist ein kleines Wunder! Danke fÃ¼r deine harte Arbeit und dein Talent.ğŸŸ¢ğŸŸ¨âœŠ,bot,1
"Dieses Video hat mich die ganze Arbeit vergessen lassen. Jetzt habe ich ein neues Ziel, mehr zu lachen und Freude zu teilenğŸ’",bot,1
Dein Kanal ist eine wahre Fundgrube an nÃ¼tzlichen Informationen! Vielen Dank dafÃ¼r! âœ¨ğŸ“,bot,1
Deine Videos sind immer von tiefer Bedeutung und Emotion erfÃ¼llt. Danke fÃ¼r deine KreativitÃ¤t und deine BemÃ¼hungen!ğŸ¥¬ğŸšğŸŒ†,bot,1
Ihre Videos sind immer von hoher QualitÃ¤t und tiefgrÃ¼ndigen Gedanken. Vielen Dank fÃ¼r Ihr Engagement und Ihr Talent!ğŸ¥ğŸ”µğŸ¾,bot,1
"Deine Videos sind immer so hochwertig und interessant, dass die Zeit wie im Flug vergeht, wenn ich sie anschaue. Vielen Dank fÃ¼r deine Arbeit!âœ‹ğŸğŸ›·",bot,1
Jede VerÃ¶ffentlichung ist ein kleines Meisterwerk. Danke fÃ¼r deine harte Arbeit und deine Liebe!âŒšï¸ğŸ˜²ğŸ«¦,bot,1
Ihr Kanal ist ein echter Fund! Die QualitÃ¤t der Videos und die PrÃ¤sentation der Informationen ist erstklassig. Vielen Dank fÃ¼r Ihre harte Arbeit!ğŸ¦†ğŸ›©ğŸ˜½,bot,1
"Jedes deiner Videos ist ein filmisches Meisterwerk, das Anerkennung und Respekt verdient. Inspiriere uns weiterhin mit deinem Talent und deiner Arbeit!ğŸ¬ğŸ»ğŸ›»",bot,1
"Deine Videos sind nicht nur Inhalt, sie sind wahre Kunst. Danke fÃ¼r deine talentierte KreativitÃ¤t!ğŸ¤£ğŸ«µğŸª·",bot,1
Wie organisieren Sie Ihren Arbeitsbereich fÃ¼r die Dreharbeiten? Haben Sie irgendwelche besonderen Annehmlichkeiten? ğŸ‘„ğŸ˜»ğŸ‘…,bot,1
"Ihr Kanal ist ein Beispiel dafÃ¼r, wie qualitativ hochwertige Inhalte auf YouTube sein sollten. Danke fÃ¼r deine harte Arbeit und MÃ¼he!ğŸ„â€ğŸ›«ğŸ»",bot,1
GroÃŸartige Arbeit! Vielen Dank fÃ¼r so interessante Inhalte! ğŸ˜šğŸ’,bot,1
GroÃŸartige Arbeit! Ihre Videos sind immer so hochwertig und interessant! ğŸ’‹ğŸ”¥,bot,1
Ihre Videos sind immer so informativ und aufschlussreich! Vielen Dank fÃ¼r dieses Video! âœ¨ğŸ“,bot,1
Dein Kanal ist wie eine Oase in der Welt der Inhalte. Machen Sie uns weiterhin mit Ihrer Arbeit glÃ¼cklich!ğŸŒŸğŸ¤ğŸ,bot,1
"Deine Videos sind immer so hochwertig und interessant, dass die Zeit wie im Flug vergeht, wenn ich sie anschaue. Vielen Dank fÃ¼r deine Arbeit!ğŸ˜â¤ï¸â˜ï¸",bot,1
"Deine Videos sind immer so witzig und geistreich! Danke fÃ¼r deinen groÃŸzÃ¼gigen Geist und deine farbenfrohen, witzigen Inhalte!ğŸ‘†ğŸ¥­â™€ï¸",bot,1
"Deine Videos schaffen es immer, mich selbst an den grauesten Tagen aufzuheitern. Danke fÃ¼r deine frÃ¶hliche KreativitÃ¤t und deine positive Einstellung!ğŸ¥¶ğŸ•‹ğŸ˜œ",bot,1
Sehr interessantes und informatives Video! Vielen Dank fÃ¼r Ihre Liebe zum Detail! ğŸŒºğŸ’š,bot,1
Ihre Videos beeindrucken immer durch ihre hohe QualitÃ¤t und ihren tiefgrÃ¼ndigen Inhalt. Vielen Dank fÃ¼r Ihre harte Arbeit!ğŸŒ·ğŸ™ğŸ’‹,bot,1
Sehr cool! Danke fÃ¼r deine Inspiration und Arbeit! âœ¨ğŸ“,bot,1
"Ihre Videos sind immer originell und von hoher QualitÃ¤t. Danke fÃ¼r Ihre FÃ¤higkeit, zu inspirieren und zu Ã¼berraschen!ğŸ ğŸŒ¼ğŸŒ¼",bot,1
"Deine Videos sind immer ein leuchtendes Beispiel dafÃ¼r, wie hochwertige Inhalte aussehen sollten. Danke fÃ¼r deine harte Arbeit und Hingabe!ğŸªƒğŸŒ­ğŸšœ",bot,1
Ihre Videos hinterlassen immer einen Eindruck in den Herzen und KÃ¶pfen Ihrer Zuschauer. Vielen Dank fÃ¼r Ihre KreativitÃ¤t und Ihre tiefgrÃ¼ndigen Gedanken!ğŸ›µâ˜€ï¸ğŸš¦,bot,1
Vielen Dank fÃ¼r die Liebe zum Detail! Ihre Videos sind immer erstklassig! ğŸ±ğŸ’,bot,1
Sehr cool! Vielen Dank fÃ¼r Ihre Liebe zum Detail! ğŸ’âœ¨,bot,1
Ihr Kanal ist ein echter Fund! Die QualitÃ¤t der Videos und die PrÃ¤sentation des Disrespects ist erstklassig. Vielen Dank fÃ¼r Ihre harte Arbeit! ğŸŒŠğŸ™ğŸ’ªğŸ¼ğŸ³ï¸â€ğŸŒˆğŸ¥°,bot,1
Tolle Themenwahl! Danke fÃ¼r das faszinierende Video! ğŸ˜˜ğŸ­,bot,1
Deine Ideen sind immer frisch und originell. Vielen Dank fÃ¼r die Inspiration.ğŸ•ğŸ™ğŸ¤,bot,1
Ihr seid echte Profis in eurer Arbeit! Ihre Videos sind immer mit QualitÃ¤t und nÃ¼tzlichen Informationen erfreulich. Vielen Dank fÃ¼r Ihre harte Arbeit.ğŸ¤­ğŸ˜›ğŸµ,bot,1
GroÃŸartige Arbeit! Vielen Dank fÃ¼r so interessante Inhalte! ğŸ’âœ¨,bot,1
Sehr interessantes Video! Vielen Dank fÃ¼r Ihre KreativitÃ¤t und Ihr Engagement! ğŸ‘„ğŸ˜»ğŸ‘…,bot,1
Sehr interessantes und informatives Material! Vielen Dank fÃ¼r Ihre harte Arbeit und Ihren FleiÃŸ! ğŸ’ğŸ§¡,bot,1
Klasse! Vielen Dank fÃ¼r Ihre KreativitÃ¤t und Arbeit! ğŸ§¡ğŸ’–,bot,1
"Deine Videos sind mehr als nur Unterhaltung, sie sind eine Reise in eine Welt voller SchÃ¶nheit und Weisheit. Danke fÃ¼r deine Hingabe!ğŸ¨ğŸ˜ƒğŸ”¹",bot,1
Deine Videos sind wie kleine Meisterwerke. Ich danke dir fÃ¼r dein Talent und deine MÃ¼he.ğŸƒğŸŒ·ğŸ,bot,1
GroÃŸartige Arbeit! Vielen Dank fÃ¼r so interessante Inhalte! ğŸ‘„ğŸ˜»ğŸ‘…,bot,1
"Mein Liebesleben ist wie eine Achterbahn: aufregend, manchmal beÃ¤ngstigend und immer auf der Suche nach einer kleinen PauseğŸ’",bot,1
Dein Kanal ist einer der besten Orte auf YouTube fÃ¼r hochwertige Inhalte. Vielen Dank fÃ¼r deine BemÃ¼hungen!ğŸŸ¦ğŸ¨â™‚ï¸,bot,1
Sehr interessantes und informatives Video! Vielen Dank fÃ¼r Ihre Arbeit! ğŸŒºğŸ’š,bot,1
"Ihre Videos sind immer so interessant und hilfreich! Danke fÃ¼r deine KreativitÃ¤t und deine Bereitschaft, dein Wissen mit uns zu teilen!â›¸â™€ï¸ğŸ«”",bot,1
Jedes eurer Videos ist ein echtes Meisterwerk! Vielen Dank dafÃ¼r! ğŸ’ğŸ±,bot,1
Vielen Dank fÃ¼r Ihre Offenheit! Wie wollen Sie Ihre FÃ¤higkeiten bei der Erstellung von Inhalten verbessern? ğŸ˜»ğŸ‘…,bot,1
"Vielen Dank fÃ¼r Ihre Videos! Sie sind immer so hochwertig und interessant. Ich kann sehen, dass Sie Profis sind.ğŸœğŸ»â€â™‚ï¸",bot,1
Ihre Videos beeindrucken immer durch ihre hohe QualitÃ¤t und ihren tiefgrÃ¼ndigen Inhalt. Vielen Dank fÃ¼r Ihre harte Arbeit!ğŸŒğŸƒğŸš´â€,bot,1
"Meine GroÃŸmutter sagt, wahre Liebe ist, wenn man gemeinsam Ã¼ber Videos wie dieses lachen kannğŸ‘„",bot,1
Vielen Dank fÃ¼r die Liebe zum Detail! Ihre Videos sind immer erstklassig! ğŸ˜˜ğŸ­,bot,1
Einfach wunderbar! Danke fÃ¼r deine harte Arbeit und dein Talent! ğŸ‘„ğŸ˜»ğŸ‘…,bot,1
Danke fÃ¼r deine harte Arbeit und dein Talent. Deine Videos sind immer eine Freude.ğŸ…ğŸ»ğŸ¤,bot,1
Dein Kanal ist eine wahre Fundgrube an nÃ¼tzlichen Informationen! Vielen Dank dafÃ¼r! ğŸ§¡ğŸ’–,bot,1
Deine Videos sind immer voller KreativitÃ¤t und Stil. Vielen Dank fÃ¼r Ihr KÃ¶nnen!ğŸ¥ğŸ•‹ğŸ‘»,bot,1
"Ihren Kanal anzuschauen ist nicht nur Unterhaltung, sondern eine echte Bildungsreise. DafÃ¼r danke ich Ihnen!ğŸ“¸ğŸš¦ğŸš",bot,1
Ich habe dieses Video bei der Arbeit eingeschaltet und jetzt lacht auch mein Chef. Zeit fÃ¼r eine BefÃ¶rderungğŸ˜›,bot,0
"Vielen Dank fÃ¼r dieses Video! Jetzt habe ich ein neues Hobby, nÃ¤mlich lustige Videos zu finden und sie mit meinen Freunden zu teilenğŸ’•",bot,1
"Ihr Kanal ist nicht nur ein Ort, an dem man Videos anschauen kann, sondern auch eine Plattform zum Lernen und zur persÃ¶nlichen Entwicklung. Mach weiter so mit deiner wichtigen Arbeit!ğŸ¸ğŸ´ğŸ˜º",bot,1
Sehr interessantes und informatives Video! Vielen Dank fÃ¼r Ihre Liebe zum Detail! ğŸ˜˜ğŸ­,bot,1
Sehr interessantes und informatives Material! Vielen Dank fÃ¼r Ihre harte Arbeit und Ihren FleiÃŸ! ğŸ’ğŸ±,bot,1
"Dieses Video hat mich dazu gebracht, meine PlÃ¤ne fÃ¼r den Abend zu Ã¼berdenken. Ich bin jetzt offiziell mitten in der ÃœberarbeitungğŸ’š",bot,1
Ich bewundere Ihre ProfessionalitÃ¤t! Ihre Videos sind immer so hochwertig und interessant. Erfreuen Sie uns weiterhin mit Ihren Arbeiten.âœ¨ğŸªğŸŒ˜,bot,1
"Wenn ich so viel Talent hÃ¤tte wie der Mann in diesem Video, wÃ¤re ich jetzt schon berÃ¼hmtğŸ’•",bot,1
"Jedes Ihrer Videos ist ein kleines Meisterwerk, das durch seine SchÃ¶nheit und Tiefe besticht. Inspirieren und Ã¼berraschen Sie uns weiterhin!ğŸ¡ğŸ“ğŸ›",bot,1
"Ihre Videos sind ein Beispiel dafÃ¼r, wie Inhalte gemacht sein sollten. Qualitativ hochwertig gefilmt, geschickt geschnitten und mit nÃ¼tzlichen Informationen versehen. Ich danke Ihnen!Sie sind wahre Meister! Ihre Inhalte gefallen immer durch hohe QualitÃ¤t und ProfessionalitÃ¤t. Erfreuen Sie uns weiterhin mit Ihren Werken.â›¹ï¸ğŸŒŸğŸ’»",bot,1
"Ihre Videos heben sich immer von der Masse ab. Danke fÃ¼r deine KreativitÃ¤t und deine einzigartige Art, die Welt zu sehen!ğŸ¥‚ğŸšŒğŸµ",bot,1
Sehr interessantes und relevantes Thema! Ich freue mich schon auf Ihr nÃ¤chstes Video! ğŸ’âœ¨,bot,1
Fantastisch! Vielen Dank fÃ¼r Ihre harte Arbeit und Ihr Talent! ğŸ˜›ğŸ’•,bot,1
"Wenn ich so viel Selbstvertrauen hÃ¤tte wie der Typ in diesem Video, wÃ¤re ich schon PrÃ¤sidentğŸ‘„",bot,0
"Deine Videos sind immer so spitzbÃ¼bisch und unterhaltsam! Vielen Dank fÃ¼r deinen Sinn fÃ¼r Humor und deine FÃ¤higkeit, uns den Tag zu verschÃ¶nern und SpaÃŸ zu bereiten!ğŸ’¯â“ğŸ’«",bot,1
Sehr interessantes und informatives Video! Vielen Dank fÃ¼r Ihre Liebe zum Detail! ğŸ’âœ¨,bot,1
"Wenn Lachen das Leben verlÃ¤ngern wÃ¼rde, dann wÃ¼rde mich dieses Video unsterblich machenğŸ±",bot,1
Ihre Videos zeichnen sich immer durch QualitÃ¤t und OriginalitÃ¤t aus. Vielen Dank fÃ¼r Ihren Beitrag!ğŸ“ğŸ¥­ğŸ¦,bot,1
"Ich habe dieses Video meinem Chef gezeigt, und jetzt haben wir eine neue Art, unsere Pausen zu verbringen - gemeinsam zu lachenğŸ˜›",bot,1
Auf deinem Kanal ist jedes Video eine neue Geschichte und Entdeckung. Ãœberrasche und inspiriere uns immer wieder aufs Neue!ğŸ”³ğŸ¤‘ğŸ˜€,bot,1
"Ich habe dieses Video meiner GroÃŸmutter gezeigt, und jetzt will sie auch Bloggerin werden. Ich glaube, wir haben ein neues ProjektğŸ”¥",bot,1
Sehr interessante Videos! Danke fÃ¼r deine KreativitÃ¤t und Hingabe! ğŸ‘…ğŸ’‹,bot,1
Deine Videos sind immer so lustig und spritzig! Vielen Dank fÃ¼r dein Talent und deine KreativitÃ¤t in Bezug auf unterhaltsame Inhalte!â›³ï¸ğŸ”¥ğŸ™ˆ,bot,1
Einfach wunderbar! Danke fÃ¼r deine harte Arbeit und dein Talent! ğŸ‘…ğŸ’‹,bot,1
Ihre Videos sind ein Genuss fÃ¼r Augen und Geist! Die QualitÃ¤t ist erstklassig und die PrÃ¤sentation der Informationen ist professionell. Vielen Dank dafÃ¼r!ğŸ·ğŸ£ğŸ¤š,bot,1
"Deine Videos sind nicht nur Inhalt, sie sind eine Quelle der Inspiration und des Lernens. Danke fÃ¼r deine KreativitÃ¤t und deine Arbeit!ğŸ™ğŸ˜—ğŸŒ®",bot,1
"Dein Kanal ist nicht nur eine Informationsquelle, sondern ein Ort, an dem jedes Video ein kleines Meisterwerk ist. Machen Sie weiter so!ğŸ–•ğŸ‘ğŸ”¹",bot,1
"Dieses Video hat mich dazu gebracht, mein Leben neu zu bewerten und zu erkennen, dass ich auch eine Katze in meinem Umfeld braucheğŸ‘…",bot,1
Vielen Dank fÃ¼r Ihre Videos! Sie sind immer so einzigartig und von hoher QualitÃ¤t. Du bist eine Inspiration!ğŸš¢ğŸ†ğŸ†,bot,1
"Ich wusste nicht, dass Katzen so lustig sein kÃ¶nnen. Jetzt habe ich ein neues Hobby - Katzenvideos ansehenğŸ“",bot,1
Hat wirklich SpaÃŸ gemacht! Ich freue mich auf weitere Videos! ğŸ˜˜ğŸ­,bot,1
"Als ich dieses Video sah, wurde mir klar, dass ich einen neuen Weg gefunden hatte, mich selbst zu ermutigenğŸ’š",bot,1
Ihre Videos sind immer eine Freude zu sehen. Danke fÃ¼r dein KÃ¶nnen und deine KreativitÃ¤t!ğŸ‘ğŸ¦•ğŸ«,bot,1
Dein Kanal ist eine der besten Quellen fÃ¼r hochwertige Inhalte. Machen Sie uns weiterhin mit Ihren Kreationen glÃ¼cklich!ğŸŒ±ğŸ›³ğŸ¾,bot,1
"Ich wusste nicht, dass Katzen so talentiert sein kÃ¶nnen. Meine Katze muss von dem Star dieses Videos lernenğŸ­",bot,1
"Es ist sehr inspirierend, deinen Kanal zu sehen. Deine Videos sind immer so interessant und informativ.ğŸ“¹ğŸ“¹ğŸ‹",bot,1
"GroÃŸartiger Inhalt! Es ist immer ein VergnÃ¼gen, Ihre Videos anzuschauen - sie sind so hochwertig und interessant.ğŸğŸ•¶ğŸ˜‰",bot,1
"Wenn du das Video anschaust und feststellst, dass es das Beste ist, was dir den ganzen Tag passiert istğŸ“",bot,1
Ich schÃ¤tze deine Herangehensweise an die Erstellung von Inhalten sehr. Ihre Videos sind immer erstklassig!ğŸ‘Œâœˆï¸ğŸ‡,bot,1
"Ich habe dieses Video eingeschaltet, um zu lachen, und jetzt lachen auch meine Nachbarn, obwohl sie nicht wissen, warumğŸ”¥",bot,1
"Jedes deiner Videos ist ein filmisches Meisterwerk, das Anerkennung und Respekt verdient. Inspiriere uns weiterhin mit deinem Talent und deiner Arbeit!ğŸ˜—ğŸŒ„ğŸ˜»",bot,1
"Vielen Dank fÃ¼r eure Hingabe und Liebe zu eurer Kunst. Es ist immer eine Freude, deine Videos anzuschauen.ğŸ”²ğŸš€ğŸ˜µâ€",bot,1
Dein Kanal ist eine wahre Fundgrube der Inspiration. Vielen Dank fÃ¼r Ihren Beitrag!ğŸŒœğŸ‘„ğŸŒª,bot,1
Sehr cool! Vielen Dank fÃ¼r Ihre Liebe zum Detail! ğŸ­ğŸ’,bot,1
Deine Videos sind immer eine Quelle der PositivitÃ¤t und guten Laune. Vielen Dank fÃ¼r deine lustige und kreative Arbeit!ğŸ”»ğŸ‘½ğŸŒ‘,bot,1
Ihre Videos sind immer voller KreativitÃ¤t und Stil. Vielen Dank fÃ¼r Ihr KÃ¶nnen!ğŸŒ’ğŸ«£ğŸ”²,bot,1
"Deine Videos sind nicht nur Unterhaltung, sie sind eine Quelle der Inspiration und Weisheit. Vielen Dank fÃ¼r deine KreativitÃ¤t und dein Engagement!ğŸ¦–ğŸ½ğŸŸ¨",bot,1
Ich bewundere jedes Mal Ihre ProfessionalitÃ¤t und KreativitÃ¤t. Vielen Dank fÃ¼r Ihre harte Arbeit und Ihre BemÃ¼hungen!ğŸˆğŸš´â€â€â™€ï¸,bot,1
Deine Videos werden immer fÃ¼r ihre ProfessionalitÃ¤t und KreativitÃ¤t bewundert. Danke fÃ¼r deine Hingabe!ğŸ›¥ğŸ—ğŸª,bot,1
Jede VerÃ¶ffentlichung ist ein kleines Meisterwerk. Danke fÃ¼r deine harte Arbeit und deine Liebe!â€â™‚ï¸â•â€â„ï¸,bot,1
Deine Ideen sind immer frisch und originell. Vielen Dank fÃ¼r die Inspiration!ğŸ‘¾ğŸšğŸŒ,bot,1
Deinen Kanal anzuschauen ist wie eine Eintrittskarte in eine Welt voller SpaÃŸ und Freude. Vielen Dank fÃ¼r deine kreative und anregende Arbeit!ğŸŒ–ğŸ‹ï¸ğŸ¦ˆ,bot,1
"Ihren Kanal anzuschauen ist nicht nur Unterhaltung, sondern eine echte Bildungsreise. DafÃ¼r danke ich Ihnen!ğŸ’šğŸŒ†ğŸ‹ï¸",bot,1
Ich liebe Deine profunden Analysen. Ich wÃ¼nsche Dir und Deinen Lieben ein tolles neues Jahr!ğŸ˜ƒğŸ’«ğŸ€ğŸ¾,bot,1
Danke fÃ¼r deine OriginalitÃ¤t und deinen einzigartigen Ansatz. Deine Videos sind immer wieder Ã¼berraschend.â˜€ï¸ğŸ…ğŸ¦,bot,1
"Ich bin sehr glÃ¼cklich, dass Ihr Kanal ein Teil meines Lebens geworden ist. Danke fÃ¼r deine KreativitÃ¤t und Aufrichtigkeit!ğŸ˜ğŸŸ¥ğŸ’Ÿ",bot,1
Dein Kanal ist eine wahre Fundgrube der Inspiration. Vielen Dank fÃ¼r deine harte Arbeit!ğŸ’¯ğŸ¤ªğŸ’£,bot,1
"Jedes Mal, wenn ich deine Videos anschaue, finde ich etwas Neues und Erstaunliches darin. Inspiriere und Ã¼berrasche uns weiterhin!ğŸ¦†ğŸ˜»ğŸ™Š",bot,1
Ich bewundere Ihre ProfessionalitÃ¤t! Ihre Videos sind immer so hochwertig und interessant. Erfreuen Sie uns weiterhin mit Ihren Arbeiten.ğŸ£ğŸ¦ğŸ¥,bot,1
Deine Videos sind ein wahrer Urlaubsort fÃ¼r den Geist und die Seele. Danke fÃ¼r dein talentiertes Kanalmanagement und die tollen Inhalte!ğŸŒ„ğŸ˜³ğŸ›,bot,1
Deine Videos regen immer zum Nachdenken an und inspirieren. Danke fÃ¼r deine KreativitÃ¤t und Leidenschaft!â¤ï¸â›µï¸ğŸ”,bot,1
Ihr Kanal ist ein echter Fund! Die QualitÃ¤t der Videos und die PrÃ¤sentation der Informationen ist erstklassig. Vielen Dank fÃ¼r Ihre harte Arbeit!ğŸ˜„ğŸ§€ğŸ’—,bot,1
Ich danke Ihnen fÃ¼r Ihre harte Arbeit und MÃ¼he. Deine Videos sind ein echtes Kunstwerk.ğŸ«”ğŸš•ğŸˆ,bot,1
"Jedes Mal bin ich davon Ã¼berzeugt, dass dein Kanal ein echtes Juwel auf YouTube ist. Danke fÃ¼r deine KreativitÃ¤t und dein Engagement!ğŸŒ„ğŸ¦ğŸ‘",bot,1
Deine Videos bringen mich immer zum LÃ¤cheln und lassen mich alle meine Sorgen vergessen. Danke fÃ¼r deine wunderbare KreativitÃ¤t!ğŸ’¯ğŸ›·ğŸ‘‘,bot,1
Ich schaue dir mit groÃŸem VergnÃ¼gen zu. Deine Videos sind ein wahres Kunstwerk.ğŸ‘ŠğŸ¥ğŸ¡,bot,1
"Deine Videos schaffen es immer, mich selbst an den grauesten Tagen aufzuheitern. Danke fÃ¼r deine frÃ¶hliche KreativitÃ¤t und deine positive Einstellung!ğŸ•ğŸŒ½ğŸ˜˜",bot,1
Dein Kanal ist eine wahre Fundgrube der Inspiration. Vielen Dank fÃ¼r deine harte Arbeit!â—ï¸ğŸ¦‰ğŸ,bot,1
Deine Videos bringen mir immer eine Menge SpaÃŸ und PositivitÃ¤t! Danke fÃ¼r deinen unvergleichlichen Humor und Witz!ğŸ˜¾ğŸ¥¥â™¥ï¸,bot,1
Ihren Kanal zu sehen ist wie ein Urlaub fÃ¼r meinen Geist und meine Seele. Danke fÃ¼r deine lustigen und kreativen Inhalte!ğŸ§­ğŸš¢ğŸŒ˜,bot,1
"Ihr Kanal ist nicht nur ein YouTube-Kanal, er ist ein echtes Bildungsportal. Vielen Dank fÃ¼r Ihren Beitrag!â€â™€ï¸ğŸŒŒâš¾ï¸",bot,1
"Dein Kanal ist eine wahre Oase fÃ¼r Geist und Seele. Danke fÃ¼r deine WÃ¤rme und das Licht, das du in unser Leben bringst!ğŸ–•ğŸ«”â€¼ï¸",bot,1
"Deine Videos strahlen immer so viel WÃ¤rme und Freundlichkeit aus! Danke fÃ¼r deinen groÃŸartigen Sinn fÃ¼r Humor und deine FÃ¤higkeit, deine Freude zu teilen!ğŸ¥¦ğŸ’ŒğŸŒ…",bot,1
Vielen Dank fÃ¼r deine Arbeit! Ihre Inhalte sind immer voller QualitÃ¤t und nÃ¼tzlicher Informationen. Ich schaue mir jedes Ihrer Videos gerne an.ğŸŒ‰ğŸ¦“ğŸ¤¹,bot,1
Dein Kanal ist wie eine frÃ¶hliche Reise in eine Welt voller SpaÃŸ und Unterhaltung. Erfreuen Sie uns weiterhin mit Ihren lustigen Videos!âš±ï¸ğŸŒ˜ğŸ§¨,bot,1
"Deine Videos sind immer so hochwertig und interessant, dass die Zeit wie im Flug vergeht, wenn ich sie anschaue. Vielen Dank fÃ¼r deine Arbeit!ğŸ¾ğŸŒ±ğŸ˜‹",bot,1
"*........1â„… der Leute schauen sich diesen Kommentar an. Ich hoffe, dass es Ihnen und Ihren Familien gut geht und dass Sie alle gut zuschauen kÃ¶nnen* â¤ğŸ§¡ğŸ˜",bot,1
Deine Videos sind wie kleine Meisterwerke. Ich danke dir fÃ¼r dein Talent und deine MÃ¼he.ğŸªğŸğŸš›,bot,1
"Vielen Dank fÃ¼r eure Hingabe und Liebe zu eurer Kunst. Es ist immer eine Freude, deine Videos anzuschauen.ğŸ’–ğŸ¤ğŸ¦›",bot,1
"Deine Videos sind immer so lebendig und zu Herzen gehend. Danke fÃ¼r deine KreativitÃ¤t und deine FÃ¤higkeit, die Aufmerksamkeit deiner Zuschauer zu fesseln!ğŸ¼ğŸš´ğŸŒ¸",bot,1
Dein Kanal ist wie ein Licht in der YouTube-Welt. Inspirieren Sie uns weiterhin mit Ihren Videos!â›¹ï¸ğŸ¦­ğŸ™,bot,1
"Sie ist vielleicht einfach die bescheidenste und herzerwÃ¤rmendste Person, die es gibtâ¤ï¸â¤ï¸â¤ï¸ğŸ’¦",bot,1
"Vielen Dank fÃ¼r Ihre hochwertigen Inhalte! Jede Folge ist ein neues Meisterwerk. Ich kann sehen, dass ihr viel Zeit und MÃ¼he in eure Videos steckt.ğŸ¤ğŸŒğŸ‡",bot,1
"Sie ist vielleicht einfach die bescheidenste und herzerwÃ¤rmendste Person, die es gibtâ¤ï¸â¤ï¸â¤ï¸ğŸ˜¶â€ğŸŒ«ï¸",bot,0
Jedes Video ist ein wahrer Genuss! Vielen Dank fÃ¼r deine KreativitÃ¤t und ProfessionalitÃ¤t.ğŸ¹âš¾ï¸ğŸ ,bot,1
Vielen Dank fÃ¼r Ihre BemÃ¼hungen! Deine Videos sind immer so interessant und professionell. Machen Sie weiter so!ğŸªƒğŸ•ğŸ¦“,bot,1
Deine Videos sind immer so tiefgrÃ¼ndig und inspirierend! Danke fÃ¼r deine KreativitÃ¤t und Hingabe!ğŸš´ğŸŒšâ€â¬›,bot,1
"Sie ist vielleicht einfach die bescheidenste und herzerwÃ¤rmendste Person, die es gibtâ¤ï¸â¤ï¸â¤ï¸ğŸ¥°",bot,0
"Dein Kanal ist ein Ort, an dem ich mich immer entspannen und groÃŸartigen Humor genieÃŸen kann. Mach weiter so mit deinen witzigen Videos!ğŸ‡ğŸ”¶ğŸ’•",bot,1
"Sie ist vielleicht einfach die bescheidenste und herzerwÃ¤rmendste Person, die es gibtâ¤ï¸â¤ï¸â¤ï¸ğŸ˜†",bot,0
Deine Videos sind immer eine Freude und eine erfÃ¼llende Erfahrung. Danke fÃ¼r deine KreativitÃ¤t und deinen Enthusiasmus!ğŸ’šğŸ›¤ğŸ¥‘,bot,1
"Dein Kanal ist eine Oase fÃ¼r alle, die KreativitÃ¤t und intellektuelle Unterhaltung zu schÃ¤tzen wissen. Erfreuen Sie uns weiterhin mit Ihren cleveren Videos!ğŸŒ˜ğŸš—ğŸ”¶",bot,1
"Ihre Videos sind ein wahres VergnÃ¼gen! Die QualitÃ¤t, die PrÃ¤sentation der Informationen - alles ist erstklassig. Vielen Dank fÃ¼r Ihre harte Arbeit.ğŸŒšğŸ’ŸğŸ’™",bot,1
Vielen Dank fÃ¼r deinen Beitrag zur YouTube-Gemeinschaft. Deine Videos sind immer sehenswert!ğŸ–•ğŸƒğŸ”,bot,1
Deine Videos hinterlassen immer einen tiefen Eindruck in den Herzen deiner Zuschauer. Vielen Dank fÃ¼r deine KreativitÃ¤t und Aufrichtigkeit!ğŸ¥ğŸš´ğŸ—,bot,1
Deine Videos sind immer von tiefer Bedeutung und Emotion erfÃ¼llt. Danke fÃ¼r deine KreativitÃ¤t und deine BemÃ¼hungen!ğŸ«¢ğŸ« ğŸš˜ğŸŒ,bot,1
"Vielen Dank fÃ¼r eure Hingabe und Liebe zu eurer Kunst. Es ist immer eine Freude, deine Videos anzuschauen.ğŸ«”â›â›",bot,1
Ihre Videos sind immer so aufschlussreich und intelligent. Vielen Dank fÃ¼r Ihren Beitrag zur Bildung und Entwicklung der Gemeinschaft!ğŸ¤¡â›³ï¸ğŸ‘Œ,bot,1
Vielen Dank fÃ¼r deine Arbeit! Ihre Inhalte sind immer voller QualitÃ¤t und nÃ¼tzlicher Informationen. Ich schaue mir jedes Ihrer Videos gerne an.ğŸ°ğŸ’œğŸ¬,bot,1
Dein Kanal ist eine Quelle fÃ¼r endloses Lachen und SpaÃŸ. Inspirieren Sie uns weiterhin mit Ihren lustigen und unbeschwerten Inhalten!ğŸ–²ğŸ”¶ğŸ“¸,bot,1
Vielen Dank fÃ¼r Ihre BemÃ¼hungen! Deine Videos sind immer so interessant und professionell. Erfreuen Sie uns weiterhin mit Ihrer Arbeit.â›ğŸ†ğŸˆ,bot,1
"Ihre Videos sind immer originell und von hoher QualitÃ¤t. Danke fÃ¼r Ihre FÃ¤higkeit, zu inspirieren und zu Ã¼berraschen!ğŸ¤¹ğŸ„ğŸŒ",bot,1
Deine Videos sind ein wahrer Urlaubsort fÃ¼r den Geist und die Seele. Danke fÃ¼r dein talentiertes Kanalmanagement und die tollen Inhalte!ğŸŒŒğŸª€ğŸ—»,bot,1
Ich schÃ¤tze Ihre harte Arbeit und ProfessionalitÃ¤t sehr! Ihre Videos sind ein echtes Beispiel fÃ¼r QualitÃ¤tsinhalte auf YouTube.ğŸˆğŸ›¸ğŸ–,bot,1
"Ihr Kanal ist nicht nur ein YouTube-Kanal, er ist ein echtes Bildungsportal. Vielen Dank fÃ¼r Ihren Beitrag!ğŸ¥ğŸ›´â™€ï¸",bot,1
"Deinen Kanal anzuschauen ist, als ob man einen guten Freund trifft, der immer weiÃŸ, wie er einen aufheitern kann. Machen Sie uns weiterhin mit Ihren farbenfrohen Videos glÃ¼cklich!ğŸŒ—ğŸ™‰ğŸŒ–",bot,1
Deine Videos sind ein Schatz. Vielen Dank fÃ¼r Ihr Talent und Ihre KreativitÃ¤t.ğŸ’˜â™‚ï¸ğŸ˜,bot,1
Vielen Dank fÃ¼r deinen einzigartigen Ansatz. Deine Videos sind eine echte Entdeckung in der Welt von YouTube.ğŸğŸ„ğŸŒ¡,bot,1
Ich danke Ihnen fÃ¼r Ihre Liebe zum Detail und Ihre QualitÃ¤t. Ihre Videos sind immer erstklassig.ğŸ—ğŸ§€ğŸ¦,bot,1
Vielen Dank fÃ¼r Ihre BemÃ¼hungen! Deine Videos sind immer so interessant und professionell. Erfreuen Sie uns weiterhin mit Ihrer Arbeit.ğŸ˜‚ğŸ¥¿ğŸ¤,bot,1
Deine Videos sind eine wahre Quelle der Inspiration und Weisheit. Danke fÃ¼r deine KreativitÃ¤t und Hingabe!ğŸ‘¡ğŸ¥¬â›³ï¸,bot,1
Vielen Dank fÃ¼r Ihre Liebe zum Detail und Ihre QualitÃ¤t. Ihre Videos sind immer beeindruckend.ğŸ¤ğŸ«¶ğŸ›©,bot,1
"Ihren Kanal anzuschauen ist nicht nur Unterhaltung, sondern eine echte Bildungsreise. DafÃ¼r danke ich Ihnen!ğŸŒğŸ¦ğŸ™ˆ",bot,1
Deine Videos sind eine wahre Reise des Wissens und der Inspiration. Erfreuen Sie uns weiterhin mit Ihren erstaunlichen Videos!ğŸŸªğŸ¦®ğŸ«¢ğŸ« ,bot,1
Ich liebe deine videosâ¤,nonbot,0
Super vielen herzlichen Dank â¤,nonbot,0
"Super Rezept, dankeğŸ˜werde ich ausprobieren. Wie groÃŸ sind deine Flaschen?",nonbot,0
Ich lasse mich gerne von dir inspirieren. Vielen Dank dafÃ¼r. ğŸ‘ğŸ‘ğŸ«¶,nonbot,1
Welche Sprachen sprichst du eigentlich??? P. S. Liebe deine Videosâ¤â¤â¤ğŸ˜ŠğŸ˜ŠğŸ˜Š,nonbot,0
"Du bist die schÃ¶nste Deko liebe Iris ğŸ’‹,hab einen schÃ¶nen Abend ğŸ˜˜â¤ï¸",nonbot,0
"Liebe Frau Anderson, sie sprechen mir aus dem â¤en. Vielen Dank dafÃ¼r ğŸ™ğŸ»",nonbot,0
Super videoğŸ˜ŠğŸ˜ŠğŸ˜ŠğŸ˜ŠğŸ˜ŠğŸ˜ŠğŸ˜ŠğŸ˜ŠğŸ˜ŠğŸ˜ŠğŸ˜ŠğŸ˜Š,nonbot,0
Herzlichenâ¤ lieben Dank liebe Elli  fÃ¼r die lieben Worte.Ich wÃ¼nsche dir noch einen scjÃ¶nen Tag â¤â¤â¤â¤â¤ğŸ˜‚ğŸ‰ğŸ˜ŠğŸ’–ğŸ™ğŸ’ğŸŒ¹ğŸŒ¹ğŸŒ¹ğŸ€ğŸ’œâ˜•ï¸ğŸ’–,nonbot,0
Sehr schÃ¶nes Video â¤ğŸ˜Š,nonbot,0
Wie immer ein groÃŸartiges Video ğŸ˜Š,nonbot,0
Danke!!!!ğŸ‰ğŸ‰â¤,nonbot,0
Danke. Auch euch. Bleibt gesund und munter. â¤â¤ğŸ¤—ğŸ¤—,nonbot,0
Kurzes aber starkes Video ğŸ‘ğŸ»,nonbot,0
Klasse Thema . Bei mir und anderen ist das Thema gerade hochaktuell. DankeschÃ¶n ğŸ‘,nonbot,0
Danke fÃ¼r den lieben GruÃŸ ğŸ’–ğŸ…â­wÃ¼nsche dir auch eine wunderschÃ¶ne Vorweihnachtszeit mit lieben GrÃ¼ÃŸen von mir zu dirğŸ’–ğŸ‘¼â­ğŸ™ğŸ•¯â­ğŸ¥°,nonbot,0
Top Video ğŸ˜ğŸ‘. Wer noch Fragen hat braucht sich nur das Video ansehen . Macht weiter so ğŸ‘ğŸ‘ğŸ™‹â€â™‚ï¸,nonbot,0
ğŸ˜‚ Vielen Dank fÃ¼r die Umsetzung dieser geilen Ideeâœ¨,nonbot,0
Merle ich liebe deine Videos bitte antworteâ¤â¤â¤â¤â¤ich turne selber und du und Isabell sind meine Vorbilderâ¤â¤â¤â¤ğŸ˜ŠğŸ˜Š,nonbot,0
Hab ein Video dazu gepostet ich hoffe ihr seht es ğŸ¥°ğŸ¥°,nonbot,0
Euer Baum ist ja sÃ¼ÃŸ ğŸ‰Danke fÃ¼r die Motivation â¤â¤â¤,nonbot,0
"Hallo liebe Beate, viele neue BÃ¼cher. Sehr interessante und schÃ¶ne BÃ¼cher ğŸ“šğŸ‘. Ich freue mich schon auf deine Lesemonate ğŸ’ğŸ“–. Ich wÃ¼nsche dir einen wunderschÃ¶nen 2. Advent ğŸ•¯ï¸ğŸ•¯ï¸ğŸ„ğŸ’–. Viele liebe GrÃ¼ÃŸe Beate ğŸ¥°ğŸ˜˜ğŸ¤—",nonbot,0
ğŸ‘ğŸ‘ğŸ‘ğŸ‘ nicht vergessen... lasst dem video doch eine ğŸ‘ da..  danke .. LG ğŸ„ğŸ„ğŸ„ğŸ„ğŸ»ğŸ‘,nonbot,0
Super Idee wiederğŸ‘Œ! Danke! ğŸ¤—,nonbot,1
Du bist wunderschÃ¶n. Ich liebe deine Videos. Wie bist du eigentlich MillionÃ¤ren geworden?â¤ï¸â¤ï¸â¤ï¸â¤ï¸â¤ï¸â¤ï¸â¤ï¸â¤ï¸â¤ï¸â¤ï¸,nonbot,0
Vielen lieben Dank ihr Zwei fÃ¼r das tolle Video und fÃ¼rs Teilhaben lassen â¤ï¸ğŸ˜ğŸ’™ğŸ’ğŸ˜â¤ï¸Es war soooo schÃ¶n â¤ï¸ğŸ˜ğŸ’ğŸ’™ğŸ˜â¤ï¸,nonbot,0
Danke fÃ¼r ihre Arbeit. ğŸ™ğŸ¼ğŸš€,nonbot,1
Wie heisst der Film?? Ich liebe auf der Wahrheit basierende Sciencefiction Filme!! ğŸ¤©ğŸ˜ğŸ˜,nonbot,1
"Da geht einem das Herz auf, so schÃ¶ne Aufnahmen. Vielen Dank lieber Alex fÃ¼r das wunderbare Video. So viel Likes kann ich gar nicht geben. ğŸ‘â¤ğŸ™",nonbot,1
"Wie immer, ein groÃŸes DankeschÃ¶n fÃ¼r Deine stets interessante und wertvolle Arbeit. .âœŒï¸!! âš˜ï¸ğŸ“¯ğŸ§‘â€ğŸ„",nonbot,1
â˜•ï¸ğŸ°ğŸ¥® Beste Unterhaltung bei Kaffee und Kuchen. Danke Denny,nonbot,0
ğŸ‘ Super Video Super Firma Super Mitarbeiter!!! Danke!,nonbot,0
Ich gehe voller Vertrauen meinen WEG.....der fÃ¼hrt mich nach Haus. Wundervoller schÃ¶ner Text mit fantastischen Stimmen ğŸ™ğŸ’–Herzlichen Dank!,nonbot,0
Tolle Vorstellung! Danke fÃ¼r die EindrÃ¼cke ğŸ™ğŸ¼ğŸ‘ŒğŸ¼ğŸ‘ğŸ¼,nonbot,0
Vielen dankâ¤â¤,nonbot,0
Das war sehr kurzweilig. â¤ï¸â€ğŸ”¥ğŸ–¤ğŸ¤ğŸ’šâ¤ï¸â¤ï¸â€ğŸ”¥ğŸ‘ğŸ¤¶ Euch einen schÃ¶nen 2. Advent. ğŸ‘‹ Mein Tipp 2:4 war MÃ¼ll ! Borussia sei Dank. ğŸ™ğŸ˜,nonbot,0
Die schlimmsten Menschen auf IG sind die die Bilder von anderen als eigene Verkaufen.  Danke fÃ¼r deine Informativen Videos ğŸ‘,nonbot,0
DANKEğŸ˜‡ğŸ§¡ğŸ’–,nonbot,0
Das Video habe ich gerade gebraucht!! Danke Sani â¤ï¸â€ğŸ©¹â¤ï¸,nonbot,0
"DankeschÃ¶n fÃ¼r das hochladen der Podcast, das ist ganz praktisch da ich zB noch nicht so lange dabei bin auf getnext und da kann ich so auch die Ã¤lteren BeitrÃ¤ge nochmal anhÃ¶ren! ğŸ¥°ğŸ¥°ğŸ¥°ğŸ¥°ğŸ˜ğŸ˜ğŸ˜ğŸ˜ğŸ˜ğŸ‘ğŸ‘ğŸ‘ğŸ‘ğŸ‘ğŸ«¶ğŸ«¶ğŸ«¶ğŸ«¶ğŸ«¶",nonbot,0
"Deine Analyse zu XAI17K hat mich Ã¼berzeugt. Danke, dass du dieses Juwel geteilt hast ğŸš€",nonbot,0
Thanks for making me happy!  Wir lieben dich!ğŸ˜Šâ¤,nonbot,0
Geiles Video,nonbot,0
Es macht immer wieder SpaÃŸ Deine Videos anzuschauen ğŸ‘ğŸ» vielen Dank ğŸ™ğŸ»,nonbot,0
Danke fÃ¼r den Mehrwert ğŸ‰ğŸ‰ğŸ‰ğŸ‰ğŸ‰ğŸ‰ğŸ‰ğŸ‰ğŸ‰,nonbot,0
"Jungs, ich weiÃŸ nicht warum, aber ich gucke euch jeden Tag gerne zuâ¤ğŸ˜‚ğŸ‰ğŸ‰ğŸ‰ich liebe euch â¤",nonbot,0
Vielen Dank Herr Schubert fÃ¼r die Infos und Ihre Arbeit. ğŸ‘ ğŸ‘ ğŸ‘,nonbot,1
HahahahahağŸ¤£â¤ï¸ğŸ¤£ zu geilğŸ˜‚ liebe deine VideosğŸ«¶ğŸ¼â¤ï¸â¤ï¸â¤ï¸ğŸ¤£ğŸ¤£ğŸ¤£ğŸ¤£,nonbot,0
Ich liebe dieses Haus â¤â¤â¤â¤ğŸ‰ğŸ‰ğŸ‰ und eure Videos ğŸ¤«ğŸ¤­ğŸ¤—â¤ï¸â¤ï¸â¤ï¸â¤ï¸,nonbot,0
Liebe deine Videos!! ğŸ’—â¤ï¸,nonbot,0
Ich habe ihr Video gesehen und bin ein unheimlicher Der kleine Prinz Fan. Musste es gleich suchen und bestellen. Da ich auch das Stundenglas zuhause schon habe ğŸ˜… danke fÃ¼r diesen schÃ¶nen Tipp,nonbot,0
Im Replay geschaut. Ein schÃ¶ner Strauss â¤ wÃ¼nsche dir lieber Tobias und allen Blumenfreunden einen guten Rutsch ins neue Jahr ğŸ‰ğŸ‰ğŸ‰ğŸ€ğŸ„ğŸ,nonbot,0
Die Meckerei nervt jetzt ist ein Video mal dunkel und schon hagelt es Gemecker. Entspannt Euch mir hat es trotzdem wie immer viel Freude bereitet und ich sage trotzdem â¤lichen Dank ğŸ˜‰,nonbot,0
"Es hat absolut mega Spass gemacht und vielen lieben Dank, dass ich als Gast dabei sein durfte â¤ğŸ«¶ğŸ¥°ğŸ˜˜ Ganz herzliche GrÃ¼ÃŸe Ronny",nonbot,0
"Herzlichen GlÃ¼ckwunsch Manuel,alles liebe fÃ¼r dich.ğŸ¦ğŸ¦…",nonbot,1
"Wie wahr ,DankeschÃ¶n fÃ¼r die Nachricht, wÃ¼nsche Dir einen schÃ¶nen guten Tag lgğŸ˜Šâ¤",nonbot,0
"Lieber Dr. Rieck, vielen Dank fÃ¼r Ihre BeitrÃ¤ge in 2024!ğŸ‰",nonbot,1
Gutes Video â¤ğŸ‰ğŸ˜Šâ¤ï¸ğŸ‘ğŸ‘ğŸ‘ğŸ‘ğŸ‘,nonbot,0
Vielen Dank fÃ¼r das tolle Video! Habe viel gelernt! âœŒğŸ»ğŸ€ğŸ€ğŸ€,nonbot,1
"Vielen Dank lieber Bill fÃ¼r deine Arbeit! Ich kÃ¶nnte dir ewig zuhÃ¶ren, auch wenn die Themen nicht immer meine sind (aber hÃ¤ufig). WÃ¼nsche dir ein GlÃ¼ckiches neues Jahr 2025!ğŸ™ğŸ¥°âœ¨",nonbot,1
"Hallo liebe Irina! Vielen Dank fÃ¼r das schÃ¶ne Video! ğŸ¤—ğŸ¤—ğŸ¤— Ich wÃ¼nsche euch ein schÃ¶nes restliches Wochenende! ğŸ¥°ğŸ¥°ğŸ¥° Ich hoffe, du kannst dich etwas erholen. Man merkt dir an, wie schlecht es dir geht. ğŸ˜”ğŸ˜”ğŸ˜” Ich wÃ¼nsche dir nur das Beste! ğŸ€ğŸ€ğŸ€",nonbot,0
Liebe dich du bist sooooooo lustig auchğŸ‰â¤ğŸ‰â¤ PIN pls? (muss nicht) âœ¨ğŸ€âœ¨ğŸ€,nonbot,0
"Ich glaube an Jeschua Jesus Christus mein Herrn , Retter und ErlÃ¶ser und ich liebe ihn und ich glaube an GOTT mein Vater und ich liebe ihn so sei es ğŸ™âœŒï¸â¤ï¸ğŸ‘ğŸ™‚",nonbot,0
"Dirk kann ich jederzeit stundenlang zuhÃ¶ren, aber alle Beteiligten sind sehr interessant und das Ganze ist sehr unterhaltsam, vielen Dank fÃ¼r das Hochladen ğŸ‘ğŸ‘ğŸ‘ğŸ™‚",nonbot,0
Cooles Video Ich wÃ¼nsche dir schon Mal einen guten Rutsch ins neue Jahr mein lieber ğŸ˜ŠğŸ˜ŠğŸ˜Š,nonbot,0
"Liebe Landsleute,lasst es euch nicht nehmen Silvester so zu feiern und zu verbringen, wie ihr das fÃ¼r richtig haltet und geplant habt!ğŸ¾ğŸ¥‚ğŸ¥ğŸ†ğŸ‡ğŸ‰ğŸŠğŸ“£ğŸ‡©ğŸ‡ªğŸ‘ğŸ¥°",nonbot,0
Niedliche Katze awwğŸ˜Šâ¤â¤ liebe deine Videos â¤â¤â¤ bist der beste und deine Shorts sind lustig â¤â¤â¤â¤,nonbot,0
Wieder ein tolles Video so wie alle deine Videos â¤ğŸ˜Š,nonbot,0
"Na dann schauen wir mal, wird ein spannendes 2025 werden, abermals lieben Dank fÃ¼r den Content, drei Daumen nach oben ğŸ˜… ğŸ‘ğŸ‘ğŸ‘",nonbot,0
Du siehst WunderschÃ¶n aus. Ich liebe deine Haare. ğŸ˜Šâ¤â¤â¤â¤,nonbot,0
Danke Paulina fÃ¼r diese motivierende Antwort ğŸ˜ŠğŸ˜ŠğŸ˜ŠğŸ˜Šâ¤ i love you â¤,nonbot,0
Du mach die geilsten Videos ğŸ‘ğŸ¼,nonbot,0
Vielen lieben Dank fÃ¼r deinen interessanten Beitrag â¤ und einen guten Rutsch ins 2025 â¤,nonbot,0
Ich liebe deine Videos â¤,nonbot,0
Tolles Video wie immer ğŸ˜ŠğŸ‘ğŸ» Danke das du immer wieder interessante Immobilien zeigst. Wobei diese Villa einen eher abschreckt 10 Millionen dafÃ¼r?ğŸ« ,nonbot,1
"Lieber Kevin, ich hab keine Ahnung wie es kommt ğŸ¤·ğŸ»â€â™€ï¸ WÃ¼rde mich aber freuen, wenn es nur ansatzweise so kommt wie du sagst ğŸ˜‚ Danke fÃ¼r deine Arbeit. â¤ Rutsch gut in ein Jahr voller wahrer Prognosen ğŸš€",nonbot,0
WowğŸ˜®ich finde dieses Haus am besten ğŸ¤© liebe eure vidios,nonbot,0
Ich werde mir das Video an schauen ich weis aber jetzt schon das es geil wirdğŸ˜‚ğŸ˜‚ğŸ˜‚,nonbot,0
"Das Verkaufen wird nicht leicht werden, leider. Vielen Dank Karo fÃ¼r deine tolle Arbeit ğŸ‘ğŸ¾",nonbot,1
Ich lieber gemeinsam statt einsam meine Frau spielt auch und ihr beiden sowas von toll ğŸ‰ğŸ‰â¤â¤,nonbot,0
Du bist der beste ich liebe deine Videos ich wÃ¼nsche dir schonmal frohes neues Jahr ğŸ†ğŸˆğŸŠ ğŸ’•,nonbot,0
Lieber Heiko du hast wieder super Witze ich kann nicht mehr ich liebe deine Witze ich wÃ¼nsche euch beiden eine gute Nacht ğŸ˜‚ğŸ˜‚ğŸ˜‚ğŸ˜‚ğŸ‘ğŸ‘ğŸ™â­ğŸŒ›ğŸ¥°ğŸ¥°,nonbot,0
Alice fÃ¼r Deutschland und gewinnen ğŸ‘ Nur noch AFD kann diese Idioten stoppen ğŸ‘ Danke fÃ¼r die Arbeit  ğŸ‘ ğŸ‘,nonbot,0
Danke ğŸ‘ğŸ‘ğŸ‘ğŸ‘,nonbot,0
Sehr schÃ¶nes VideoğŸ‘,nonbot,0
Hoffen wir das Allerbeste! Danke sehr fÃ¼r die sehr inspirierende Infos! ğŸ€ğŸ€ğŸ€,nonbot,1
DankeschÃ¶n. ğŸ™ğŸ’ğŸŒºğŸ¶ğŸ˜¼ğŸ€ğŸğŸ˜‡ğŸ’â˜€ï¸ğŸ¦‹ğŸ”¥,nonbot,0
Vielen lieben Dank fÃ¼r Ihre BemÃ¼hungen ğŸ™ğŸ‘ğŸ’‹âœŒï¸ğŸ¥°,nonbot,0
Guten Morgen Fabian danke fÃ¼r das Update Video bis zur nÃ¤chsten Video ğŸ‘ğŸ™‚,nonbot,0
GLÃœCKWUNSCHğŸ‰ğŸ‰LIEBE DEINE VIEDEOSğŸ˜Š,nonbot,0
Ich liebe deine positive Art â¤ wird mir auch alles andere von dir anschauen WÃ¼sste voll gerne deine Meinung zu einigen anderen Themen auch ğŸ‰â¤ liebe â¤ğŸ˜Š,nonbot,0
Lieber Herr Winter einen guten Rutsch ins neue Jahr 2025 fÃ¼r Sie und die nette Marktfrau ğŸ€ğŸ€ğŸ€ğŸ·,nonbot,0
Ich liebe deine gta Videos die sind so cool du  gibst dir so viel mÃ¼he ğŸ‰ğŸ‰ğŸ‰ğŸ„ğŸ„,nonbot,0
Wir brauchen mehr Dora â¤ wir lieben deine Videos ğŸ˜‚ğŸ˜‚ğŸ˜‚,nonbot,0
Ich  liebe dich â¤â¤â¤ machst coole  Sachen ğŸ‰ğŸ‰â¤â¤â¤â¤,nonbot,0
Ich liebe deinen und leontin sein KanalğŸ˜˜â¤ï¸â¤ï¸â¤ï¸â™¥ï¸,nonbot,0
Leontin ich liebe dichâ¤â¤â¤â¤â¤â¤â¤â¤â¤â¤â¤â¤â¤â¤â¤â¤â¤â¤â¤â¤â¤â¤â¤â¤â¤â¤â¤â¤â¤â¤â¤â¤â¤â¤â¤â¤â¤â¤â¤â¤â¤â¤â¤â¤â¤â¤â¤â¤,nonbot,0
Ich liebe deine VideosğŸ‘,nonbot,0
"Du bist ein Held du bist ein Ehrenmann danke, dass du sowas machst.ğŸ‰ğŸ‰ğŸ‰ğŸ‰ğŸ‰ğŸ‰ğŸ‰ğŸ‰ğŸ‰ğŸ‰ ich hab dich auf jeden Fall abonniert",nonbot,0
"Ich liebe deine viedeos wegen Viktor â¤â¤und den Raketen ,BÃ¶llern ,Batterien â¤ Er ist sooo sympathisch ğŸ˜Šâ¤â¤â¤",nonbot,0
Ich liebe sein Humor ğŸ˜‚â¤,nonbot,0
WÃ¼rde mir so heftig wÃ¼nschen das du hart potter Kekse dekorierst liebe dich und deine Videos â¤,nonbot,0
hallo fuÃŸball nerdğŸ‘‹ich gucke deine videos von anfang an.Du hast mehr oder weniger in einem jahr rund 200.000 abonenntenğŸ¥³ Einfach krassğŸ«¨,nonbot,0
"Lieber Herr Reichelt, DankeschÃ¶n, ich stehe voll und ganz zu Ihrem wirklich sehr guten Beitrag ğŸ™ğŸ’™ğŸ’™ğŸ’™",nonbot,0
Chris tall bitte mach im neuen Jahr genauso super weiter danke â¤ğŸ«¶ğŸ«¶,nonbot,0
"Dieser Mann kann noch die Wahrheit sagen, ohne das am nÃ¤chsten Morgen das SEK bei ihm klingelt !! Vielen Dank fÃ¼r ihre UnterstÃ¼tzung!! Hoffentlich trÃ¤gt Sie dazu bei uns aus diesem irrenhaus zu befreien ğŸ‘ğŸ‘ğŸ‘ğŸ¤·â€â™‚ï¸ğŸ¤·â€â™‚ï¸ğŸ¤·â€â™‚ï¸ğŸ¤—ğŸ¤—ğŸ¤—",nonbot,0
"Wie lustig bei uns ist es auch Raclette â¤#askkalicassyÂ Was wÃ¼rdest du wen die Welt unter geht retten.Â Ich liebe deine Videos, wen ich sie sehe dann bin ich gleich wieder frÃ¶hlich ğŸ˜€Â Bitte grÃ¼ÃŸe mich. ğŸ’",nonbot,1
"NachtrÃ¤glich alles Gute zu Deinem Geburtstag Carsten ğŸ€ğŸ‰ğŸ‚ Mach weiter so, die AufklÃ¤rung ist sehr wichtig. Auch dieses Video trÃ¤gt dazu bei. Liebe GrÃ¼ÃŸe",nonbot,0
Nices Video ğŸ˜…ğŸ˜‚ğŸ‰ Guten Rutsch ins neue Jahr!ğŸ‰ğŸ†,nonbot,0
Viel SpaÃŸ â¤â¤ beim Silvester â¤ und DankeschÃ¶n das Kevin fÃ¼r dein FeuerwerkvideoğŸ†ğŸ†ğŸ†ğŸ†ğŸ†ğŸ‘ğŸ’du bist der beste,nonbot,0
Starkes Signal tolles Erlebnis das Video gute ArbeitğŸ‰,nonbot,0
Ich liebe deine VideosğŸ˜ğŸ˜ğŸ˜,nonbot,0
"Lieber Phillip vielen Dank fÃ¼r dieses erfolgreiche Jahr, dass ich nur euch zu verdanken habe â¤ï¸ und auch vielen Dank an dich dass du auch zur Weihnachtszeit immer kostenlose Videos machst und dir dafÃ¼r Zeit nimmst, Gott segne dich und deine Familie Tausend Dank ğŸ™ğŸ‘ğŸš€",nonbot,0
Liebe deine Videos â¤ğŸ‰,nonbot,0
3 liebe deine Videos â¤â¤,nonbot,0
Sehr â€geil gemachtâ€œ -es Video ğŸ”¥,nonbot,0
"Waaaass haha ist denke ich klar, viel Liebe macht echt gute videos ğŸ«¶ğŸ¼ğŸ˜",nonbot,0
Wie findet das Video auch coolğŸ¥³ ğŸ‘‡,nonbot,0
ICH LIEBE DEINE VIDEOS KANNST DU MICH GRÃœÃŸEN,nonbot,0
Geiles videoâ¤â¤ğŸ˜‚ğŸ˜‚ğŸ˜‚â¤,nonbot,0
"Ich liebe diesn Kanal , einfach nur Geil ğŸ˜‚ğŸ‘ğŸ»ğŸ‘ğŸ»ğŸ‘ğŸ» Weiter so ğŸ‘ğŸ»âœŒğŸ»ğŸ¤ŸğŸ»",nonbot,0
"Ich liebe deine Videos, mach bitte mehr solcher Storys ğŸ˜‚ğŸ˜‚",nonbot,0
Ich liebe dieses LIED ğŸŒ¹ğŸŒ¹ğŸŒ¹ğŸ˜»ğŸ˜»ğŸ˜»ğŸ˜»ğŸ˜»,nonbot,0
Finnel bitte bitte kom nach korb Baden WÃ¼rttemberg ich liebe deine videosâ¤,nonbot,0
Ich liebe die Kommis hier!!! So viel tolle kreative Ideen ğŸ˜,nonbot,0
Okay ğŸ‘âœ…Ã¼brigens liebe  deine Videos und bin seit Anfang an dabei â¤,nonbot,0
ErsteğŸ˜® liebe deine videosâ¤ğŸ‰â¤ğŸ‰â¤ğŸ‰,nonbot,0
Ich liebe deine Arbeit und deine KreativitÃ¤t â¤ï¸ KÃ¶nntest du mal Kekse zu Thema Voltigieren dekorieren? Es wÃ¼rde mich soooooo freuen â¤â¤â¤â¤,nonbot,0
Alice ich liebe dich...du bist der einzige Hoffnung fÃ¼r Deutschland,nonbot,0
"ğŸ’™LIEBER HELMUT, DU UND DEINE GÃ„STE, IHR SEID IMMERğŸ‘â€¼ï¸DANKEâ€¼ï¸ğŸ’•ğŸŒ",nonbot,0
"Es ist schÃ¶n zu wissen, daÃŸ meine Katze mich liebt, da ich sie auch sehr lieb habe!â¤ğŸ¥°",nonbot,1
"Ich liebe deineâ¤viedios, der Beauty spoint ist echt komisch die normalen sind wirklich besserğŸ˜…",nonbot,0
Mach bitte wieder Dora Videos ğŸ˜Š â¤ğŸ˜Šâ¤ğŸ˜Šâ¤ğŸ˜Šâ¤ğŸ˜Šâ¤ğŸ˜Šâ¤ğŸ˜Šâ¤ğŸ˜Šâ¤bitte wieder Dora!!!!â¤â¤â¤,nonbot,0
Wow danke fÃ¼r diese wunderbaren Worte ğŸ«¶ğŸ»ğŸ™ğŸ»,nonbot,0
13:30 â€Danke fÃ¼r die Rose ğŸŒ¹â€œ Ich hÃ¶re einfach nur noch das wenn ich sein Gesicht seheâ€¦,nonbot,0
Ich wÃ¼rde die mittleren Spiesse noch ein wenig aus einander setzen dann ist das Risiko kleiner das mal eine Balle nicht richtig hÃ¤lt aber nur meine Meinung Danke fÃ¼rs gute Video ğŸ‘,nonbot,0
Vielen Dank lieber Ceddo und lieber Dennis fÃ¼r euer Adventsspecial mit den zwei Videos pro Tag! ğŸ’• Das war echt super toll! Jetzt habt ihr euch den Urlaub richtig verdient! ğŸ¤—,nonbot,1
"WunderschÃ¶ne Gedanken und Worte, lieber Raphael. Vielen Dank, dass Du uns hier an Deiner Reise durch die RauhnÃ¤chte teilhaben lÃ¤sst â¤ğŸ˜Š",nonbot,0
"Abonniert, danke fÃ¼r das Video ğŸ‘ğŸ‘ğŸ‘",nonbot,0
Sooo ein geiles Format. Ich liebe es!ğŸ˜,nonbot,0
KÃ¶nntest du das selbe nur mit Creepern machen? WÃ¤re echt cool!!! Liebe deine Videosâ™¥ï¸ğŸ‰,nonbot,1
Mohi du bist der beste mach weiter so ich liebe deine Videos ğŸ¤£ğŸ¤£ğŸ¤£,nonbot,0
Ich liebe ihn einfach und sein Humor! Mit der beste Comedian Deutschlands ğŸ‰ğŸ˜,nonbot,1
"Ihr habt das so gut gemacht, herzlichen Dank dafÃ¼r ihr LiebenğŸ¥°ğŸ™",nonbot,0
Danke dir und ein gutes neues Jahr âœŒğŸ¼ğŸ«¶ğŸ½ğŸ‘ŒğŸ¼ğŸ‡¨ğŸ‡­â˜ºï¸â—ï¸,nonbot,0
Richtig cooles Video mach weiter so ğŸ’ªğŸ’ª,nonbot,0
"Danke liebe Nina, du bist ein Engel und ein Segen. ğŸ™â¤ï¸",nonbot,0
NachtrÃ¤glich frohe weihnachten!! â¤ liebe dich jessie du bist  die besteğŸ€ğŸ¹,nonbot,0
Herr KlÃ¶ppel danke fÃ¼r ihre stÃ¤ndigen Infos .. kommen sie gut und gesund ins neue Jahr ğŸ€,nonbot,0
Echt Lehrreiche und Liebevolle StorryğŸ˜Šâ¤,nonbot,0
Das video war so geilğŸ˜‚ğŸ˜‚ğŸ˜‚ğŸ˜‚,nonbot,0
Ich liebe deine ViediosğŸ˜Šâ¤ğŸ‰,nonbot,0
"Hi, ich liebe eure Videos und hÃ¤tte noch eine Idee. Ihr kÃ¶nntet doch mal Siri euren Tag bestimmen lassen. Ihr seid die besten â¤ï¸ğŸ‘‹",nonbot,1
"Der Bericht war wirklich toll und sehr informativ â€“ vielen Dank dafÃ¼r! ğŸ‘ Ich stimme den Gutachtern absolut zu und teile deren EinschÃ¤tzung, vom Kauf abzusehen. Der Verkaufspreis erscheint mir im Vergleich zum damaligen Neupreis viel zu hoch, besonders wenn man bedenkt, dass das Boot fast 50 Jahre alt ist. â›µï¸ Der Schaden am Teakdeck ist aus meiner Sicht sehr problematisch, da die Reparatur nicht nur teuer ğŸ’°, sondern auch extrem aufwendig ist. Hinzu kommt die Unsicherheit, welche weiteren SchÃ¤den â€“ insbesondere am Sandwichkern â€“ mÃ¶glicherweise vorhanden sind. â—ï¸ Insgesamt ein sehr riskantes Angebot.",nonbot,0
"Hallo ihr lieben,wÃ¼nsche euch von ganzen Herzen ein guten Rutsch ins Neue Jahr.Bleibt gesund und drÃ¼cke euch die Daumen das alles gut geht ihr seit ne starke Familie.â¤ğŸ‘ğŸ€ğŸ€ğŸ€ğŸ‡ğŸ‡ğŸ‰",nonbot,0
Vielen Dank fÃ¼r diesen tollen Stream mit vielen geilen MomentenğŸ˜‚ Gute Nacht und ich freu mich schon auf den nÃ¤chsten Stream,nonbot,0
Liebe GrÃ¼ÃŸe und guten Rutsch ğŸ’«âœ¨ğŸŒŸâ­ï¸,nonbot,0
Danke das wÃ¼nsche ich Ihnen auchğŸ‰ğŸ‰,nonbot,0
"DankeschÃ¶n fÃ¼r die Info, einen guten Rutsch ins neue Jahr ğŸ€",nonbot,0
Besten videos ğŸ˜‚ğŸ˜‚ğŸ˜‚ğŸ˜‚,nonbot,0
Top Video ehrlich ğŸ‘ğŸ¾,nonbot,0
Ich liebe euchğŸ˜‚ğŸ˜‚ğŸ˜‚,nonbot,0
Vielen Dank fÃ¼r Deine wertvolle Arbeit ğŸ‘,nonbot,0
Wie lustig und sympathisch kann eine Familie bitte sein ğŸ¥¹ğŸ¥° bei jedem Video sterbe ich gefÃ¼hlt vor lachen !!!,nonbot,0
Liebe deine Videos ğŸ’“ğŸ’“ğŸ’“ğŸ’‹ğŸ’“,nonbot,0
Liebe euch ihr seid die besten Youtuberâ¤ğŸ‰,nonbot,0
Lieber @EureVideosFahrnuenftig ich verfolge dich schon etwas lÃ¤nger und wollte einfach mal Danke sagen. Danke fÃ¼r die vielen schÃ¶nen Videos und danke fÃ¼r die Unterhaltung â¤ Komm gut ins neue Jahr.,nonbot,0
Die Musik im Video ist lauter als der Knall ğŸ’€,nonbot,0
Ich liebe Dich ğŸ’–,nonbot,0
"Lieber Sirwan, ich wÃ¼nsche Dir ein astronomisch gutes Raumfahrtjahr 2025!ğŸ¤—",nonbot,1
"Moin liebe Maren, unglaublich was du fÃ¼r tolle Ideen hastğŸ˜ Liebe GrÃ¼ÃŸe",nonbot,0
"ğŸ€ğŸ€ğŸ€ Herzlichen Dank fÃ¼r deine wunderbaren Ideen, deine unterhaltsamen Videos und damit ganz viele GlÃ¼cksmomente in meinem Zuhause. Ich wÃ¼nsche dir und deinen Lieben ein frÃ¶hliches Fest, um ins neue Jahr zu rutschen. Alles Liebe, Gesundheit und GlÃ¼ck fÃ¼r 2025. ğŸ˜ƒğŸ€ Freue mich auf das Wiedersehen. GrÃ¼ÃŸe aus der LÃ¼neburger Heide. KerstinğŸ‰",nonbot,0
Zum BrÃ¼llen!ğŸ˜…ğŸ˜…ğŸ˜…Danke und gudn Rudsch!â¤ğŸ‰ğŸ˜‚,nonbot,0
Ich liebe eure Videos ğŸ˜‚,nonbot,0
"Vonâ¤danke liebe Silke und Team! Und Allen da drauÃŸen ein licht-,liebe- und friedvolles Jahr in Vertrauen auf die gÃ¶ttliche FÃ¼hrung ğŸ‰â¤ğŸ˜Š",nonbot,0
"Liebe Monika, Das ist ja echt ein sÃ¼ÃŸes TÃ¤schchen mit dem Henkel  â¤ Danke fÃ¼r immer wieder schÃ¶nen und brauchbaren Ideen Ideen â¤.  WÃ¼nsche dir und deiner Familie einen wunderschÃ¶nen Start in ein gesundes und zufriedenes Neues Jahr,  Alles Liebe ğŸ’ğŸ€ğŸ˜",nonbot,0
"Tolle kreative Ideen fÃ¼r den SilvesterabendğŸ‰ğŸ€Danke dir, liebe Lauraâ¤ Hab einen gesunden Start ins neue Jahr ğŸ€ğŸ™ğŸ‘‹",nonbot,0
Super lustiges Video ğŸ˜‚ğŸ˜‚ğŸ˜‚,nonbot,0
"Danke an alle RettungssanitÃ¤ter ğŸ«‚  alles Gute an das tapfere MÃ¤dchen.mÃ¶ge Gott Dich immer beschÃ¼tzen, MÃ¤uschen ğŸŒ¿",nonbot,0
Haha sehr geil ich liebe es ğŸ¤£ğŸ¤£ğŸ¤£ğŸ™ğŸ»,nonbot,0
Du bist soooo eine Coole Yutuberin â¤â¤â¤ liebe deine Vidiosâ¤â¤â¤ğŸ‰,nonbot,0
Vielen Dank ğŸ™ğŸ» WÃ¼nsche Dir und Mama Regina einen guten Rutsch ins neue Jahr ğŸ‰.Vielen Dank fÃ¼r deine Arbeit und deine tollen Videos â¤â¤â¤,nonbot,0
ich liebe deine Videos und gute BesserungğŸ˜ƒâ¤â¤ğŸ’–,nonbot,0
"Liebe Monika. Ich wÃ¼nsche dir, deiner Familie sowie allen deinen AnhÃ¤ngerinnen einen guten Rutsch und ein erfolgreiches NÃ¤hjahr.ğŸ‰ğŸ˜Š",nonbot,1
"Genau dafÃ¼r liebe ich diesen Kanal: echt und authentisch, nicht immer schick und schÃ¶n, wie das echte Leben eben ist. Weiter so, lieber NDR ğŸ‘ Und fÃ¼r alle Landwirte mein groÃŸer Respekt, schon jetzt alles Gute fÃ¼r 2025ğŸ‘‹ğŸšœğŸ’¨",nonbot,1
ğŸ¤©ğŸ«¶DankeschÃ¶n liebe Silke,nonbot,0
"Es macht immer wieder groÃŸe Freude,  euch bei der Bescherung zu zuschauen.  Ihr seid so genÃ¼gsam und Dankbar ğŸ«¶ğŸ„ğŸ«¶ viele Liebe GrÃ¼ÃŸe ğŸ«¶",nonbot,0
"Das war Spannung pur, Danke fÃ¼r dieses epische Duell ğŸ™ğŸ™ğŸ™",nonbot,0
â¤ vielen lieben Dank fÃ¼r diese tollen Ideen ğŸ‰ ich wÃ¼nsche dir einen guten Rutsch ins neue Jahr ğŸ€,nonbot,0
"Ich Danke dir, fÃ¼r deine ehrlichen und wichtigen AufklÃ¤rungsvideos.ğŸ˜˜â¤ğŸŒğŸ•Š",nonbot,1
"â¤â¤â¤Vielen â¤ï¸ lichen Dank liebe Silvia fÃ¼r deine unermÃ¼dliche Arbeit fÃ¼r uns alle Danke Danke Danke â¤ï¸ Du liegst immer wieder richtig, man muÃŸ nur aufpassen und sich auch damit befassen. Das eigene Denken und hinterfragen ist essenzielle voraussetzung fÃ¼r DAS VerstÃ¤ndnis. ICH wÃ¼nsche Dir ein gutes und erfolgreiches Neues Jahr 2025 Gesundheit und  GlÃ¼ck fÃ¼r die Zukunft Danke fÃ¼r dein Sein LG Sofia Sonja aus MÃ¼nchen ğŸ’ ğŸŒ¹ ğŸ€ ğŸ™ ğŸ’ â¤â¤â¤â¤â¤",nonbot,0
Endlich ich liebe dieses Format ğŸ’“ğŸ’“ğŸ’“,nonbot,0
Ich liebe immer deine Videos ğŸ˜Š,nonbot,0
Danke fÃ¼r die Info ğŸ˜Š und guten Rutsch ins neue Jahr ğŸ‰,nonbot,0
"9:58 so true ğŸ˜‚, liebe deine Videos â¤ï¸",nonbot,0
Icrimax du bist beste Youtubeer danke das du mich gekrÃ¼ÃŸt hast ğŸ˜ŠğŸ‰ ich feier dich schÃ¶n seit vielen Jahren. Ich heiÃŸe Sem ich hab mich nur verschrieben aber danke das du mich trotzdem gekrÃ¼ÃŸt hastğŸ‰ğŸ‰ğŸ˜Š,nonbot,0
ğŸ’–echt cooles video von lehrenfrau ich liebes coolioğŸ’–ğŸ°,nonbot,0
"Einen guten Rutsch wÃ¼nsche ich dir auch,lieber Alex-Gesundheit und GlÃ¼ck ğŸ‰ğŸ€ğŸ’¥ğŸğŸ‡LG DaniğŸ‘‹ğŸ‘‹",nonbot,0
Ich gucke dich schon seit 4 Jahren Paula und ich liebe dich einfach Ã¼ber alles ğŸ’“ğŸ’“ğŸ’“ğŸ’“ğŸ’“ğŸ’“ğŸ’“â¤ï¸â¤ï¸â¤ï¸â¤ï¸ğŸ¥°ğŸ˜ğŸ¤ªğŸ˜… fÃ¼r mich bist du einfach die beste tiktokerin youtuberin auf der ganzen Welt,nonbot,0
"Angst ist keine wirkliche Alternative zur Liebe! ğŸ’– Starre nicht zur Lebendigkeit. ğŸ§¡ğŸ’œ Inne halten, durchatmen und mutig weiter schreiten, gesund SEIN - auch mental und emotional, das wÃ¼nsche ich uns Allen fÃ¼r das kommende Jahr! ğŸ’«ğŸ©µğŸ§šâ€â™€ï¸â­ï¸ğŸ’œğŸ€ğŸ‘",nonbot,0
"Danke fÃ¼r dieses schÃ¶ne Jahresabschluss Video, lieber Rainer â¤ï¸. Ich wÃ¼nsche dir und deiner Familie auch einen guten Rutsch und alles Gute fÃ¼r 2025ğŸ€ğŸš²ğŸ›´â¤ï¸",nonbot,0
"Danke liebe Nina â¤,es ist sehr schÃ¶n dir zuzu hÃ¶ren ğŸ€ğŸ«¶",nonbot,0
Marek und Thomas ich liebe euch beide.â˜ºğŸ¥° Ihr seid echte MÃ¤nner mit klasse und Charakter.ğŸ‘ğŸ‘ğŸ‘,nonbot,1
Ihr seid soo lustigâ¤â¤ ich liebe eure videos â¤ğŸ˜ŠğŸ‰,nonbot,0
"Hi Paul, irgendwie ein Mega geiles Video. Deine hochwertigen Videos. Erste Sahne ğŸ‘.Location super schÃ¶n. War ja mal eine groÃŸe Firma . WÃ¼nsche dir und Harald einen guten Rutsch ğŸ† liebe GrÃ¼ÃŸe Katrin â¤ğŸ™ğŸ»",nonbot,0
Alles Gute im Urlaub Omid. Komm Gut erholt zurÃ¼ck. Liebe GrÃ¼ÃŸe.ğŸ€ğŸ’ª,nonbot,1
Ich liebe deine Videos ğŸ’,nonbot,0
Super originelle Idee ğŸ˜Š DankeschÃ¶n,nonbot,0
"Moin, guten Rutsch und ein gesegnetes neues Jahr fÃ¼r Euch und Euren Familien. Macht bitte im nÃ¤chsten Jahr so weiter ich freu mich drauf und bin dabei. Liebe GrÃ¼ÃŸe aus dem MÃ¼nsterland ğŸ˜€ğŸ˜€ğŸ˜€ğŸ‘ğŸ‘ğŸ‘",nonbot,0
SchÃ¶nes altes Video ğŸ‘,nonbot,0
Ohv Friends ğŸ’™ Liebe dich und deine Videos ğŸ˜‚,nonbot,0
"So isses leider! Im neuen Jahr einfach abschaffen, oder...ğŸ˜‚ Alles Gute fÃ¼r 2025 wÃ¼nsche ich Ihnen, lieber Herr Sonneborn! ğŸ¥‚ğŸ¾ğŸ‰âœŒï¸",nonbot,1
"Ihr seit auch zu dritt die geilsten! Was fÃ¼r eine irre Leistung,  ich ziehe meinen Hut! Euch einen guten Rutsch und herzlichen Dank fÃ¼r die tollen Videos und die vielen Arbeit drumherum!ğŸ‰â¤",nonbot,1
"Liebe Andrea, ich wÃ¼nsche dir einen guten Start ins neue Jahr. ğŸ‰vielen dank fÃ¼r deine tollen Videos ğŸ€ğŸ€ğŸ€",nonbot,0
ğŸ˜‚ğŸ˜‚ mega liebe eure Videos â¤â¤,nonbot,0
Moin Tridan ich lieben deine videos und Streams. â¤ğŸ˜Š,nonbot,0
Voll cool ich liebe eure VideosğŸ˜‚ğŸ˜‚,nonbot,0
"Hi Gesa, mega! Freue mich soooooo fÃ¼r Euch! ğŸ¥³ğŸ¥‚âœ¨ Alles Liebe und danke das ihr uns mitnehmtâ€¦ ğŸ¤",nonbot,1
Lieber Alex ich danke Dir fÃ¼r deineDeine geniale Arbeit in 2024 und ich freu mich auf Dich in 2025 ğŸ¥³ğŸ¥³ allen hier einen guten Rutsch und mit den besten WÃ¼nschen  ğŸ€ğŸ’–ğŸ€,nonbot,0
"Liebe Petra, so viele Sonntagmorgen ich jetzt schon bei dir verbracht habe- immer wieder eine Freude! Deine Ruhe, tolle Bilder und Motivation an uns es selbst zu tun ist wunderbar- danke â¤ï¸und komm gut in das neue Jahrâœ¨ bis bald ğŸ¤—",nonbot,0
"Ich liebe diese Serie!!! HÃ¤tte nicht gedacht, dass sie mich so hart fesselt. Mega geiles Projekt. â¤",nonbot,0
Liebe euer Videos pls Pin ğŸ“Œâ¤ï¸âœ¨âœ¨âœ¨(wurde noch nie gepinnt ),nonbot,0
Erste ich liebe deine videosâ¤â¤â¤ğŸ˜ŠğŸ˜ŠğŸ˜ŠğŸ˜Š,nonbot,0
Ich liebe eure Reactions â¤und ihr seit so ein sÃ¼ÃŸes Paar nur das Beste fÃ¼r euch â¤â¤â¤ğŸ˜Š,nonbot,0
Basti ich liebe dich â¤ï¸,nonbot,0
Ich  liebe deine Videos Weill sie immer so besonders sin â¤ğŸ˜…,nonbot,0
Ich mag dich einfach trotzdem machst du schÃ¶n Videos â¤â¤â¤â¤â¤â¤â¤â¤â¤â¤â¤â¤â¤â¤â¤â¤ Ich mag dich sehr â¤â¤â¤â¤â¤â¤â¤â¤ğŸ–¤ğŸ–¤ğŸ–¤ğŸ–¤ğŸ–¤ğŸ–¤ğŸ–¤ğŸ–¤ğŸ–¤ğŸ–¤ğŸ–¤ğŸ’«ğŸ’«ğŸ’«ğŸ’«ğŸ’«ğŸ’«ğŸ’«,nonbot,0
Danke euch fÃ¼r die vielen tollen Videos und einen gesunden Rutsch ins Neue Jahr 2025 ğŸ˜ğŸ––âœ¨ğŸ’«ğŸ‰ğŸŠğŸ¥³ğŸğŸ’šğŸ¤—ğŸ€,nonbot,0
Guten Rutsch ins neue Jahr ğŸ˜Š Vielen Dank fÃ¼r die ganz vielen tollen Videos im Jahr 2024 ğŸ˜‡,nonbot,0
Alle die das Video sehen bevor es viral geht ğŸ‘‡,nonbot,0
Sag mal wieso hat er beim Lehrnen diese Maske aufğŸ˜…? Liebe deine Videos trotzdemâ¤ğŸ˜Š,nonbot,0
"KÃ¤mpfe wacker weiter fÃ¼r Gerechtigkeit und die Sache! FÃ¼r AufklÃ¤rung, Frieden, Liebe und Freiheit â£ï¸âœŒğŸ¼ğŸ€ğŸ’™",nonbot,1
War nice mal gegen einen pro zu spielen Danke das ich mitmachen durfte! ğŸ¥°,nonbot,1
Sehr geile alte Locationâ¤ğŸ­ wÃ¼rde mir mal wieder Locations aus Deutschland wÃ¼nschen. Liebe GrÃ¼ÃŸe aus Niedersachsen,nonbot,0
Guten Rutsch an alleğŸ‰Und danke fÃ¼r das geile Jahr,nonbot,0
Muss einfach mal danke sagen fÃ¼r beste Unterhaltung das ganze Jahr. Sorgst immer wieder fÃ¼r miese LachkrÃ¤mpfe â¤ï¸ Von einem stillen Zuschauer: Danke BrÃ¶sler,nonbot,0
"Danke, Mouz fÃ¼r die emsige Arbeit und die vielen Tipps in 2024. Komm gut rÃ¼ber und starte erfolgreich rein ins neue Jahr... ğŸ‰",nonbot,1
"Lieber Micha, liebe KnÃ¶deltiere und lieber Chat, ich wÃ¼nsche allen ein guten Rutsch und ein gutes neues Jahr. Bleibt alle gesund ğŸ˜»â˜ºï¸",nonbot,0
Schaue es nochmal ist einfach toll.Vielen Dankâ¤ğŸ˜Š,nonbot,0
Phahaha ich lach mich tot ğŸ˜‚ğŸ˜‚â¤ Danke fÃ¼r das Video! â¤â¤ğŸ˜‚ğŸ‰,nonbot,0
Wahr das das Lezte Video in 2024? ğŸ˜­ğŸ˜­ğŸ˜­ğŸ˜­ğŸ˜­ğŸ˜­ğŸ˜­ğŸ˜­ğŸ˜­ Und ich liebe deine Videos HeiÃŸe FinjağŸ˜Š,nonbot,0
Herzlichen GlÃ¼ckwunsch zu den 20k subscribersğŸ™ŒğŸ»habt ihr echt verdient! Ich liebe eure Reactions ğŸ˜ğŸ˜,nonbot,0
IDzock morgen ist Silvester!!!! â¤ also viel GlÃ¼ck und cooles videoğŸ‰ğŸ‰ğŸ‰â¤â¤â¤,nonbot,0
Herzlichen Dank fÃ¼r die Informationen ğŸ˜ŠğŸ˜…ğŸ˜Š,nonbot,1
OMG wie Sie schaut ich Liebe eure Viedeos viel GlÃ¼ck im nÃ¤chsten Jahr mach weiter so â¤â¤â¤â¤ğŸ˜‚ğŸ˜‚ğŸ˜‚ğŸ˜‚ğŸ˜‚,nonbot,0
SchÃ¶nes und informatives Video!ğŸ‰ğŸ†ğŸ§¨Vielen Dank dafÃ¼r und bitte weiter so und MEHR DAVON!!âœ¨ï¸ğŸ‘ğŸ‘ğŸ’ªğŸŒŸğŸ’¯Dir einen guten Rutsch und fÃ¼r 2025 Alles Gute!!ğŸ‰,nonbot,1
"Hey, Vielen lieben Dank fÃ¼r das Video und fÃ¼r das tolle Jahr hat richtig SpaÃŸ gemacht ^^ und wÃ¼nsche allen einen guten Rutsch ins neue Jahr 2025 und bleibt Gesund âœŒï¸â¤ï¸",nonbot,0
Frohes neues Jahr und alles Gute fÃ¼r die Zukunft lieber Domi â¤ï¸ğŸ˜Š,nonbot,0
Ich liebe diesen Kanal ğŸ¥°,nonbot,0
Lieber Basti. Herzlichen GlÃ¼ckwunsch zu deinen 2 Millionen und nur das beste fÃ¼r 2025 fÃ¼r dich. Ich werde mit am Start sein und freue mich auf deine weiteren Projekte. ğŸ‰ğŸ‰ğŸ‰,nonbot,1
