ID,Comment,Label,comment_length,word_count,Time_Difference,!_occurring,Dank_occurring,sentence_count,average_word_length,emoji_count
0,Einfach wunderbar! Danke fÃ¼r deine harte Arbeit und dein Talent! ğŸ“ğŸŒº,bot,67,10,0 days 00:00:17,1,1,2,5.3,2
1,Sehr informativ und interessant! Danke fÃ¼r solche Inhalte! ğŸ’âœ¨,bot,61,8,0 days 00:06:29,1,1,2,6.125,2
2,Sehr interessantes Videoformat! Vielen Dank fÃ¼r diesen unkonventionellen Ansatz! ğŸ±ğŸ’,bot,83,9,0 days 00:12:46,1,1,2,7.777777777777778,2
3,Einfach wunderbar! Danke fÃ¼r deine harte Arbeit und dein Talent! ğŸ˜˜ğŸ­,bot,67,10,0 days 00:11:17,1,1,2,5.3,2
4,"Vielen Dank fÃ¼r Ihre harte Arbeit und die Energie, die Sie in jedes Video stecken! ğŸ‘„ğŸ˜»ğŸ‘…",bot,86,15,0 days 00:00:48,1,1,1,4.4,3
5,Deine Videos sind immer so hilfreich! Vielen Dank fÃ¼r das neue Wissen! ğŸ’šğŸ“,bot,73,12,0 days 00:00:47,1,1,2,4.75,2
6,Ihre Videos sind immer so informativ und interessant! Ich danke Ihnen dafÃ¼r! ğŸ’‹ğŸ”¥,bot,79,12,0 days 00:11:47,1,0,2,5.25,2
7,Ihre Videos sind immer so informativ und aufschlussreich! Vielen Dank fÃ¼r dieses Video! ğŸ’šğŸ“,bot,90,13,0 days 00:09:06,1,1,2,5.615384615384615,2
8,Mir hat es sehr gut gefallen! Danke fÃ¼r eine tolle Zeit! ğŸ’ğŸ§¡,bot,59,11,0 days 00:15:28,1,1,2,4.0,2
9,Danke fÃ¼r so interessante Ideen! Ihre Videos sind immer wieder inspirierend! ğŸ‘…ğŸ’‹,bot,79,11,0 days 00:08:59,1,1,2,5.818181818181818,2
10,Sehr interessantes und informatives Video! Vielen Dank fÃ¼r Ihre Liebe zum Detail! âœ¨ğŸ“,bot,84,12,0 days 00:15:10,1,1,2,5.666666666666667,2
11,Vielen Dank fÃ¼r die Informationen! Ihre Videos sind immer erstklassig! ğŸ˜šğŸ’,bot,73,10,0 days 00:05:28,1,1,2,5.9,2
12,Sehr cool! Vielen Dank fÃ¼r Ihr Engagement fÃ¼r Exzellenz! âœ¨ğŸ“,bot,59,9,,1,1,2,5.111111111111111,2
13,Sehr interessante Herangehensweise an das Thema! Vielen Dank fÃ¼r dieses informative Video! ğŸ’–ğŸ˜˜,bot,93,12,0 days 00:00:38,1,1,2,6.416666666666667,2
14,Tolle Themenwahl! Danke fÃ¼r deine interessanten und fesselnden Inhalte! ğŸ­ğŸ’,bot,74,9,0 days 00:00:27,1,1,2,6.777777777777778,2
15,Deine Videos sind immer so hilfreich! Vielen Dank fÃ¼r das neue Wissen! ğŸ±ğŸ’,bot,73,12,0 days 00:00:26,1,1,2,4.75,2
16,Danke fÃ¼r die frÃ¶hlichen Emotionen! Ihre Videos sind immer so inspirierend! ğŸ‘„ğŸ˜»ğŸ‘…,bot,79,11,0 days 00:07:34,1,1,2,5.7272727272727275,3
17,Ihre Videos sind immer so informativ und interessant! Ich danke Ihnen dafÃ¼r! ğŸ’šğŸ“,bot,79,12,0 days 00:10:05,1,0,2,5.25,2
18,Sehr interessante Herangehensweise an das Thema! Danke fÃ¼r so ein informatives Video! ğŸ’‹ğŸ”¥,bot,88,12,0 days 00:12:00,1,1,2,6.0,2
19,Deine Videos sind immer so lohnend und unterhaltsam. Danke fÃ¼r deine Arbeit und dein Talent!ğŸ‹ğŸ‘â˜ƒï¸,bot,96,15,0 days 00:01:26,1,1,2,5.066666666666666,3
20,Danke fÃ¼r die nÃ¼tzlichen Informationen! Mit welchem Objektiv hast du dieses Video gedreht? ğŸ§¡ğŸ’–,bot,93,13,0 days 00:17:08,1,1,2,5.846153846153846,2
21,Sehr interessante Herangehensweise an das Thema! Vielen Dank fÃ¼r dieses informative Video! ğŸ˜»ğŸ‘…,bot,93,12,0 days 00:00:39,1,1,2,6.416666666666667,2
22,"Danke fÃ¼r Ihre Tipps zum Drehbuchschreiben! Wie entscheiden Sie, welche Dialoge Sie in Ihre Videos aufnehmen? ğŸ’‹ğŸ”¥",bot,112,16,0 days 00:00:31,1,1,2,5.6875,2
23,Deine Videos sind eine wahre Oase fÃ¼r den Geist und die Seele. Danke fÃ¼r deine KreativitÃ¤t und Inspiration!ğŸ”ºğŸª–ğŸ™€,bot,110,18,0 days 00:04:49,1,1,2,4.888888888888889,3
24,Danke fÃ¼r die frÃ¶hlichen Emotionen! Ihre Videos sind immer so inspirierend! ğŸ’âœ¨,bot,78,11,0 days 00:30:12,1,1,2,5.7272727272727275,2
25,Ihre Videos sind immer eine Freude zu sehen. Danke fÃ¼r dein KÃ¶nnen und deine KreativitÃ¤t!ğŸ¥‚ğŸš²ğŸ”¶,bot,92,15,0 days 00:00:47,1,1,2,4.866666666666666,3
26,Deine Videos sind immer so hilfreich! Vielen Dank fÃ¼r das neue Wissen! ğŸ˜›ğŸ’•,bot,73,12,0 days 00:16:57,1,1,2,4.75,2
27,Fantastisch! Vielen Dank fÃ¼r Ihre harte Arbeit und Ihr Talent! ğŸ‘„ğŸ˜»ğŸ‘…,bot,66,10,,1,1,2,5.1,3
28,Ihre Videos sind immer so unterhaltsam und informativ! Vielen Dank fÃ¼r diesen Beitrag! ğŸ’‹ğŸ”¥,bot,89,13,0 days 00:01:38,1,1,2,5.538461538461538,2
29,Deine Videos sind immer so hilfreich! Vielen Dank fÃ¼r das neue Wissen! ğŸ˜˜ğŸ­,bot,73,12,0 days 00:01:16,1,1,2,4.75,2
30,Danke fÃ¼r diese lehrreichen ErzÃ¤hlungen und der musikalischen Untermalung.ğŸ™ğŸ’•,bot,76,9,0 days 18:35:14,0,1,1,7.222222222222222,2
31,Deine Videos sind immer voller KreativitÃ¤t und Stil. Vielen Dank fÃ¼r Ihr KÃ¶nnen!ğŸ±ğŸ’–ğŸŒ,bot,83,13,0 days 00:02:28,1,1,2,5.076923076923077,3
32,Welche Video-Blogger auf YouTube inspirieren dich? ğŸ˜˜ğŸ­,bot,53,6,0 days 00:35:50,0,0,1,7.166666666666667,2
33,Danke fÃ¼r deine harte Arbeit und Hingabe. Deine Videos sind immer eine Freude zu sehen.ğŸµğŸŸ«ğŸ¤™,bot,90,15,0 days 00:02:03,0,1,2,4.733333333333333,3
34,Ich schÃ¤tze Ihre Arbeit sehr! Ihre Videos sind immer von so hoher QualitÃ¤t und WÃ¤rme. Machen Sie weiter so!ğŸ“¹ğŸ®ğŸ¤­,bot,110,19,0 days 00:01:52,1,0,3,4.526315789473684,3
35,Sehr anregend! Ich werde mich auf weitere Videos freuen! ğŸ“ğŸŒº,bot,59,9,0 days 00:10:13,1,0,2,5.111111111111111,2
36,"Deine Videos sind immer so spitzbÃ¼bisch und unterhaltsam! Vielen Dank fÃ¼r deinen Sinn fÃ¼r Humor und deine FÃ¤higkeit, uns den Tag zu verschÃ¶nern und SpaÃŸ zu bereiten!ğŸğŸŒ„ğŸ”",bot,168,27,0 days 00:02:51,1,1,2,5.037037037037037,3
37,Deine Videos sind immer so hilfreich! Vielen Dank fÃ¼r das neue Wissen! ğŸ’ğŸ§¡,bot,73,12,0 days 00:21:00,1,1,2,4.75,2
38,"Dein Kanal ist nicht nur eine Sammlung von Videos, er ist eine Bibliothek des Wissens und der Unterhaltung. Nimm uns weiterhin mit auf diese spannende Reise!ğŸŒ–ğŸ¥¬ğŸ¬",bot,160,26,0 days 00:00:57,1,0,2,4.961538461538462,3
39,Ihre Videos sind immer so unterhaltsam und informativ! Vielen Dank fÃ¼r diesen Beitrag! ğŸ’ğŸ±,bot,89,13,0 days 00:09:24,1,1,2,5.538461538461538,2
40,"Es ist immer ein VergnÃ¼gen, Ihre Videos anzuschauen - viele nÃ¼tzliche Informationen und tolle FilmqualitÃ¤t. Sie sind der Beste!ğŸ¥©ğŸ«â˜ƒï¸",bot,131,19,0 days 00:01:17,1,0,2,5.833333333333333,3
41,"Dein Kanal ist eine wahre Oase fÃ¼r Geist und Seele. Danke fÃ¼r deine WÃ¤rme und das Licht, das du in unser Leben bringst!ğŸ ğŸ˜ğŸ¦­",bot,122,23,0 days 00:21:45,1,1,2,4.086956521739131,3
42,"Deine Videos heitern mich immer auf und lassen mich meine Probleme vergessen. Danke fÃ¼r deine FÃ¤higkeit, uns glÃ¼cklich zu machen!ğŸ§¨âŒ¨ï¸ğŸ‘ğŸ»",bot,134,20,0 days 00:08:10,1,1,2,5.35,3
43,GroÃŸartige Arbeit! Vielen Dank fÃ¼r so interessante Inhalte! ğŸ“ğŸŒº,bot,62,8,0 days 00:17:50,1,1,2,6.25,2
44,Deine Videos sind immer so aufrichtig und intelligent. Vielen Dank fÃ¼r deinen Beitrag zur Bildung und Entwicklung der Gemeinschaft!ğŸŒğŸšŒğŸ§,bot,134,19,0 days 00:00:20,1,1,2,5.842105263157895,3
45,Dein Talent kennt keine Grenzen! Danke fÃ¼r deine KreativitÃ¤t und dein Engagement.ğŸŒœğŸŒ¾âœ¨,bot,84,12,0 days 00:02:23,1,1,2,5.666666666666667,3
46,Hat wirklich SpaÃŸ gemacht! Ich freue mich auf weitere Videos! ğŸ“ğŸŒº,bot,64,10,0 days 00:00:34,1,0,2,5.0,2
47,Deine Videos sind immer eine Quelle der PositivitÃ¤t und guten Laune. Vielen Dank fÃ¼r deine lustige und kreative Arbeit!ğŸª€ğŸ’™ğŸ¦¾,bot,122,19,0 days 00:12:22,1,1,2,5.2105263157894735,3
48,Vielen Dank fÃ¼r Ihre Initiative! Wie planen Sie normalerweise die VerÃ¶ffentlichung Ihrer Videos? ğŸ’âœ¨,bot,99,13,0 days 00:01:01,1,1,2,6.3076923076923075,2
49,"Dein Kanal ist eine wahre Oase fÃ¼r Geist und Seele. Danke fÃ¼r deine WÃ¤rme und das Licht, das du in unser Leben bringst!ğŸ®ğŸ¦¾ğŸ’§",bot,122,23,0 days 00:03:46,1,1,2,4.086956521739131,3
50,Ihre Videos sind immer ein hoher QualitÃ¤tsstandard auf YouTube. Vielen Dank fÃ¼r Ihre Arbeit!ğŸ§ğŸ›ğŸ›«,bot,95,14,0 days 00:05:44,1,1,2,5.5,3
51,Danke fÃ¼r die informative FÃ¼hrung Ã¼ber die Messe der InnovationenğŸ‘ğŸ˜ƒ,bot,67,10,0 days 04:42:11,0,1,1,5.6,2
52,Ihre Videos sind ein Beispiel dafÃ¼r wie Inhalte gemacht sein sollten. Qualitativ hochwertig gefilmt geschickt geschnitten und mit nÃ¼tzlichen Informationen versehen. Ich danke Ihnen!Sie sind wahre Meister! Ihre Inhalte gefallen immer durch hohe QualitÃ¤t und ProfessionalitÃ¤t. Erfreuen Sie uns weiterhin mit Ihren Werken.â›¹ï¸ğŸŒŸğŸ’»,bot,323,43,,1,0,6,6.3023255813953485,3
53,Einfach wunderbar! Danke fÃ¼r deine harte Arbeit und dein Talent! ğŸ’âœ¨,bot,67,10,0 days 00:07:13,1,1,2,5.3,2
54,Ihre Videos sind immer so unterhaltsam und informativ! Vielen Dank fÃ¼r diesen Beitrag! âœ¨ğŸ“,bot,89,13,0 days 00:04:00,1,1,2,5.538461538461538,2
55,Tolle Themenwahl! Danke fÃ¼r das faszinierende Video! ğŸ”¥ğŸ˜›,bot,55,7,0 days 00:00:42,1,1,2,6.285714285714286,2
56,Sehr interessantes Thema! Danke fÃ¼r das tolle Video! ğŸ’•ğŸ˜š,bot,55,8,0 days 00:00:52,1,1,2,5.375,2
57,Ihre Videos sind immer so informativ und aufschlussreich! Vielen Dank fÃ¼r dieses Video! ğŸ˜»ğŸ‘…,bot,90,13,0 days 00:03:55,1,1,2,5.615384615384615,2
58,Vielen Dank fÃ¼r diese inspirierenden Videos! Sie sind einfach wunderbar! ğŸ’šğŸ“,bot,75,10,0 days 00:00:53,1,1,2,6.1,2
59,Wie wichtig ist Ihrer Meinung nach die Liebe zum Detail bei der Erstellung von Inhalten? ğŸ’ğŸ§¡,bot,91,15,0 days 00:05:42,0,0,1,4.866666666666666,2
60,Danke fÃ¼r die ausfÃ¼hrliche ErklÃ¤rung! KÃ¶nnen Sie die besten Kurse zu diesem Thema empfehlen? ğŸ‘…ğŸ’‹,bot,95,14,0 days 00:03:24,1,1,2,5.5,2
61,Danke fÃ¼r die Inspiration! Welche YouTube-KanÃ¤le schauen Sie selbst am liebsten? ğŸ±ğŸ’,bot,83,11,0 days 00:00:20,1,1,2,6.090909090909091,2
62,Deine Videos sind immer so inspirierend! Danke fÃ¼r deine Energie! ğŸ±ğŸ’,bot,68,10,0 days 00:02:07,1,1,2,5.4,2
63,Deine Videos sind immer ein Genuss. Vielen Dank fÃ¼r Ihr KÃ¶nnen und Ihre KreativitÃ¤t!ğŸ©ğŸ‘‹ğŸ”º,bot,87,14,0 days 00:07:43,1,1,2,4.928571428571429,3
64,Es hat mir sehr gut gefallen! Danke fÃ¼r die lebendigen Emotionen und die nÃ¼tzlichen Informationen! ğŸ‘„ğŸ˜»ğŸ‘…,bot,102,15,0 days 00:02:08,1,1,2,5.466666666666667,3
65,"Deine Videos sind nicht nur Inhalt, sie sind eine Quelle der Inspiration und des Lernens. Danke fÃ¼r deine KreativitÃ¤t und deine Arbeit!ğŸ˜½ğŸ§­ğŸ’¦",bot,138,22,0 days 00:00:24,1,1,2,5.045454545454546,3
66,GroÃŸartige Arbeit! Vielen Dank fÃ¼r so interessante Inhalte! ğŸ’‹ğŸ”¥,bot,62,8,0 days 00:02:56,1,1,2,6.25,2
67,GroÃŸartige Arbeit! Vielen Dank fÃ¼r so interessante Inhalte! ğŸ§¡ğŸ’–,bot,62,8,0 days 00:00:52,1,1,2,6.25,2
68,Sehr cool! Vielen Dank fÃ¼r Ihre Liebe zum Detail! ğŸ˜»ğŸ‘…,bot,52,9,0 days 00:03:33,1,1,2,4.333333333333333,2
69,Dein Kanal ist eine wahre Fundgrube der Inspiration. Vielen Dank fÃ¼r Ihren Beitrag!ğŸ‘ ğŸ‘ŠğŸº,bot,86,13,0 days 00:03:19,1,1,2,5.3076923076923075,3
70,"Danke fÃ¼r Ihre Tipps zum Drehbuchschreiben! Wie entscheiden Sie, welche Dialoge Sie in Ihre Videos aufnehmen? âœ¨ğŸ“",bot,112,16,0 days 00:05:22,1,1,2,5.6875,2
71,Deine Videos sind immer voll von KreativitÃ¤t und Stil. Vielen Dank fÃ¼r dein handwerkliches Geschick.ğŸ‡ğŸ¦“ğŸ˜‡,bot,103,15,0 days 00:00:35,0,1,2,5.6,3
72,Vielen Dank fÃ¼r Ihre ProfessionalitÃ¤t und Ihr Talent. Ihre Videos sind immer beeindruckend.ğŸ”´ğŸ’ªğŸˆ,bot,94,13,0 days 00:25:47,0,1,2,5.923076923076923,3
73,Sehr interessantes und informatives Video! Vielen Dank fÃ¼r Ihre Liebe zum Detail! ğŸ˜»ğŸ‘…,bot,84,12,0 days 00:14:33,1,1,2,5.666666666666667,2
74,Ihre Videos sind immer so klar und verstÃ¤ndlich! Danke fÃ¼r die hilfreichen Lektionen! ğŸ’šğŸ“,bot,88,13,0 days 00:01:54,1,1,2,5.461538461538462,2
75,"Tolles Video! Ich mag die Art und Weise, wie Sie das Material prÃ¤sentieren - alles ist klar, verstÃ¤ndlich und professionell. Machen Sie uns weiterhin mit Ihrer Arbeit glÃ¼cklich!ğŸ¢â›¸ğŸ„â€",bot,181,28,0 days 00:10:38,1,0,3,5.333333333333333,3
76,Sehr cool! Vielen Dank fÃ¼r Ihre Liebe zum Detail! ğŸ’ğŸ§¡,bot,52,9,0 days 00:03:44,1,1,2,4.333333333333333,2
77,Tolle Arbeit! Ich freue mich auf weitere Videos von dir! ğŸ’–ğŸ˜˜,bot,59,10,0 days 00:07:36,1,0,2,4.5,2
78,Deine Videos sind ein wahrer Urlaubsort fÃ¼r den Geist und die Seele. Danke fÃ¼r dein talentiertes Kanalmanagement und die tollen Inhalte!ğŸ†ğŸâŒ¨ï¸,bot,140,21,0 days 00:02:55,1,1,2,5.428571428571429,3
79,Ihre Videos sind immer voller KreativitÃ¤t und Stil. Vielen Dank fÃ¼r Ihr KÃ¶nnen!ğŸ¦©ğŸ«’ğŸŒ¹,bot,82,13,0 days 00:07:43,1,1,2,5.0,3
80,Fantastisch! Vielen Dank fÃ¼r Ihre harte Arbeit und Ihr Talent! ğŸ’ğŸ±,bot,65,10,0 days 00:02:53,1,1,2,5.1,2
81,"Deine Videos sind nicht nur Inhalt, sie sind echte geistige Nahrung. Vielen Dank fÃ¼r deine KreativitÃ¤t und deine BemÃ¼hungen!ğŸ¦„ğŸ‘ŠğŸ›·",bot,127,19,0 days 00:04:37,1,1,2,5.421052631578948,3
82,Deine Ideen sind immer frisch und originell. Vielen Dank fÃ¼r die Inspiration!ğŸš€ğŸ¥•ğŸ”,bot,80,12,0 days 00:05:18,1,1,2,5.333333333333333,3
83,Jedes deiner Videos ist ein kleines Wunder! Danke fÃ¼r deine harte Arbeit und dein Talent.ğŸŸ¢ğŸŸ¨âœŠ,bot,92,15,0 days 00:04:26,1,1,2,4.866666666666666,3
84,"Dieses Video hat mich die ganze Arbeit vergessen lassen. Jetzt habe ich ein neues Ziel, mehr zu lachen und Freude zu teilenğŸ’",bot,124,22,0 days 00:00:41,0,0,2,4.545454545454546,1
85,Dein Kanal ist eine wahre Fundgrube an nÃ¼tzlichen Informationen! Vielen Dank dafÃ¼r! âœ¨ğŸ“,bot,86,12,0 days 00:02:36,1,1,2,5.833333333333333,2
86,Deine Videos sind immer von tiefer Bedeutung und Emotion erfÃ¼llt. Danke fÃ¼r deine KreativitÃ¤t und deine BemÃ¼hungen!ğŸ¥¬ğŸšğŸŒ†,bot,118,17,0 days 00:03:43,1,1,2,5.705882352941177,3
87,Ihre Videos sind immer von hoher QualitÃ¤t und tiefgrÃ¼ndigen Gedanken. Vielen Dank fÃ¼r Ihr Engagement und Ihr Talent!ğŸ¥ğŸ”µğŸ¾,bot,119,18,0 days 00:03:43,1,1,2,5.388888888888889,3
88,"Deine Videos sind immer so hochwertig und interessant, dass die Zeit wie im Flug vergeht, wenn ich sie anschaue. Vielen Dank fÃ¼r deine Arbeit!âœ‹ğŸğŸ›·",bot,145,24,0 days 00:16:51,1,1,2,4.791666666666667,3
89,Jede VerÃ¶ffentlichung ist ein kleines Meisterwerk. Danke fÃ¼r deine harte Arbeit und deine Liebe!âŒšï¸ğŸ˜²ğŸ«¦,bot,100,14,0 days 00:02:23,1,1,2,5.785714285714286,3
90,Ihr Kanal ist ein echter Fund! Die QualitÃ¤t der Videos und die PrÃ¤sentation der Informationen ist erstklassig. Vielen Dank fÃ¼r Ihre harte Arbeit!ğŸ¦†ğŸ›©ğŸ˜½,bot,148,23,0 days 00:01:20,1,1,3,5.217391304347826,3
91,"Jedes deiner Videos ist ein filmisches Meisterwerk, das Anerkennung und Respekt verdient. Inspiriere uns weiterhin mit deinem Talent und deiner Arbeit!ğŸ¬ğŸ»ğŸ›»",bot,154,21,0 days 00:00:30,1,0,2,6.095238095238095,3
92,"Deine Videos sind nicht nur Inhalt, sie sind wahre Kunst. Danke fÃ¼r deine talentierte KreativitÃ¤t!ğŸ¤£ğŸ«µğŸª·",bot,101,15,0 days 00:01:08,1,1,2,5.4,3
93,Wie organisieren Sie Ihren Arbeitsbereich fÃ¼r die Dreharbeiten? Haben Sie irgendwelche besonderen Annehmlichkeiten? ğŸ‘„ğŸ˜»ğŸ‘…,bot,119,13,0 days 00:00:17,0,0,2,7.769230769230769,3
94,"Ihr Kanal ist ein Beispiel dafÃ¼r, wie qualitativ hochwertige Inhalte auf YouTube sein sollten. Danke fÃ¼r deine harte Arbeit und MÃ¼he!ğŸ„â€ğŸ›«ğŸ»",bot,137,21,0 days 00:03:02,1,1,2,5.238095238095238,3
95,GroÃŸartige Arbeit! Vielen Dank fÃ¼r so interessante Inhalte! ğŸ˜šğŸ’,bot,62,8,0 days 00:00:48,1,1,2,6.25,2
96,GroÃŸartige Arbeit! Ihre Videos sind immer so hochwertig und interessant! ğŸ’‹ğŸ”¥,bot,75,10,0 days 00:03:57,1,0,2,6.1,2
97,Ihre Videos sind immer so informativ und aufschlussreich! Vielen Dank fÃ¼r dieses Video! âœ¨ğŸ“,bot,90,13,0 days 00:00:31,1,1,2,5.615384615384615,2
98,Dein Kanal ist wie eine Oase in der Welt der Inhalte. Machen Sie uns weiterhin mit Ihrer Arbeit glÃ¼cklich!ğŸŒŸğŸ¤ğŸ,bot,109,19,0 days 00:01:37,1,0,2,4.526315789473684,3
99,"Deine Videos sind immer so hochwertig und interessant, dass die Zeit wie im Flug vergeht, wenn ich sie anschaue. Vielen Dank fÃ¼r deine Arbeit!ğŸ˜â¤ï¸â˜ï¸",bot,147,24,0 days 00:00:27,1,1,2,4.791666666666667,3
100,"Deine Videos sind immer so witzig und geistreich! Danke fÃ¼r deinen groÃŸzÃ¼gigen Geist und deine farbenfrohen, witzigen Inhalte!ğŸ‘†ğŸ¥­â™€ï¸",bot,130,18,0 days 00:03:38,1,1,2,5.888888888888889,3
101,"Deine Videos schaffen es immer, mich selbst an den grauesten Tagen aufzuheitern. Danke fÃ¼r deine frÃ¶hliche KreativitÃ¤t und deine positive Einstellung!ğŸ¥¶ğŸ•‹ğŸ˜œ",bot,153,21,0 days 00:06:20,1,1,2,6.0476190476190474,3
102,Sehr interessantes und informatives Video! Vielen Dank fÃ¼r Ihre Liebe zum Detail! ğŸŒºğŸ’š,bot,84,12,0 days 00:05:13,1,1,2,5.666666666666667,2
103,Ihre Videos beeindrucken immer durch ihre hohe QualitÃ¤t und ihren tiefgrÃ¼ndigen Inhalt. Vielen Dank fÃ¼r Ihre harte Arbeit!ğŸŒ·ğŸ™ğŸ’‹,bot,125,18,0 days 00:24:55,1,1,2,5.722222222222222,3
104,Sehr cool! Danke fÃ¼r deine Inspiration und Arbeit! âœ¨ğŸ“,bot,53,8,0 days 00:02:15,1,1,2,5.125,2
105,"Ihre Videos sind immer originell und von hoher QualitÃ¤t. Danke fÃ¼r Ihre FÃ¤higkeit, zu inspirieren und zu Ã¼berraschen!ğŸ ğŸŒ¼ğŸŒ¼",bot,120,18,0 days 00:02:09,1,1,2,5.388888888888889,3
106,"Deine Videos sind immer ein leuchtendes Beispiel dafÃ¼r, wie hochwertige Inhalte aussehen sollten. Danke fÃ¼r deine harte Arbeit und Hingabe!ğŸªƒğŸŒ­ğŸšœ",bot,142,20,0 days 00:02:15,1,1,2,5.85,3
107,Ihre Videos hinterlassen immer einen Eindruck in den Herzen und KÃ¶pfen Ihrer Zuschauer. Vielen Dank fÃ¼r Ihre KreativitÃ¤t und Ihre tiefgrÃ¼ndigen Gedanken!ğŸ›µâ˜€ï¸ğŸš¦,bot,157,22,0 days 00:00:24,1,1,2,5.909090909090909,3
108,Vielen Dank fÃ¼r die Liebe zum Detail! Ihre Videos sind immer erstklassig! ğŸ±ğŸ’,bot,76,12,0 days 00:00:37,1,1,2,5.0,2
109,Sehr cool! Vielen Dank fÃ¼r Ihre Liebe zum Detail! ğŸ’âœ¨,bot,52,9,0 days 00:02:32,1,1,2,4.333333333333333,2
110,Ihr Kanal ist ein echter Fund! Die QualitÃ¤t der Videos und die PrÃ¤sentation des Disrespects ist erstklassig. Vielen Dank fÃ¼r Ihre harte Arbeit! ğŸŒŠğŸ™ğŸ’ªğŸ¼ğŸ³ï¸â€ğŸŒˆğŸ¥°,bot,153,23,0 days 00:06:17,1,1,3,5.130434782608695,5
111,Tolle Themenwahl! Danke fÃ¼r das faszinierende Video! ğŸ˜˜ğŸ­,bot,55,7,0 days 00:00:50,1,1,2,6.285714285714286,2
112,Deine Ideen sind immer frisch und originell. Vielen Dank fÃ¼r die Inspiration.ğŸ•ğŸ™ğŸ¤,bot,80,12,0 days 00:00:38,0,1,2,5.333333333333333,3
113,Ihr seid echte Profis in eurer Arbeit! Ihre Videos sind immer mit QualitÃ¤t und nÃ¼tzlichen Informationen erfreulich. Vielen Dank fÃ¼r Ihre harte Arbeit.ğŸ¤­ğŸ˜›ğŸµ,bot,153,23,0 days 00:00:43,1,1,3,5.434782608695652,3
114,GroÃŸartige Arbeit! Vielen Dank fÃ¼r so interessante Inhalte! ğŸ’âœ¨,bot,62,8,0 days 00:00:51,1,1,2,6.25,2
115,Sehr interessantes Video! Vielen Dank fÃ¼r Ihre KreativitÃ¤t und Ihr Engagement! ğŸ‘„ğŸ˜»ğŸ‘…,bot,82,11,0 days 00:02:23,1,1,2,6.0,3
116,Sehr interessantes und informatives Material! Vielen Dank fÃ¼r Ihre harte Arbeit und Ihren FleiÃŸ! ğŸ’ğŸ§¡,bot,99,14,0 days 00:00:25,1,1,2,5.785714285714286,2
117,Klasse! Vielen Dank fÃ¼r Ihre KreativitÃ¤t und Arbeit! ğŸ§¡ğŸ’–,bot,55,8,0 days 00:07:28,1,1,2,5.375,2
118,"Deine Videos sind mehr als nur Unterhaltung, sie sind eine Reise in eine Welt voller SchÃ¶nheit und Weisheit. Danke fÃ¼r deine Hingabe!ğŸ¨ğŸ˜ƒğŸ”¹",bot,136,22,0 days 00:00:41,1,1,2,4.954545454545454,3
119,Deine Videos sind wie kleine Meisterwerke. Ich danke dir fÃ¼r dein Talent und deine MÃ¼he.ğŸƒğŸŒ·ğŸ,bot,91,15,0 days 00:01:57,0,0,2,4.8,3
120,GroÃŸartige Arbeit! Vielen Dank fÃ¼r so interessante Inhalte! ğŸ‘„ğŸ˜»ğŸ‘…,bot,63,8,0 days 00:03:52,1,1,2,6.25,3
121,"Mein Liebesleben ist wie eine Achterbahn: aufregend, manchmal beÃ¤ngstigend und immer auf der Suche nach einer kleinen PauseğŸ’",bot,124,18,0 days 00:00:49,0,0,1,5.777777777777778,1
122,Dein Kanal ist einer der besten Orte auf YouTube fÃ¼r hochwertige Inhalte. Vielen Dank fÃ¼r deine BemÃ¼hungen!ğŸŸ¦ğŸ¨â™‚ï¸,bot,111,17,0 days 00:00:43,1,1,2,5.235294117647059,3
123,Sehr interessantes und informatives Video! Vielen Dank fÃ¼r Ihre Arbeit! ğŸŒºğŸ’š,bot,74,10,0 days 00:00:36,1,1,2,6.0,2
124,"Ihre Videos sind immer so interessant und hilfreich! Danke fÃ¼r deine KreativitÃ¤t und deine Bereitschaft, dein Wissen mit uns zu teilen!â›¸â™€ï¸ğŸ«”",bot,139,21,0 days 00:01:25,1,1,2,5.333333333333333,3
125,Jedes eurer Videos ist ein echtes Meisterwerk! Vielen Dank dafÃ¼r! ğŸ’ğŸ±,bot,68,10,0 days 00:01:25,1,1,2,5.4,2
126,Vielen Dank fÃ¼r Ihre Offenheit! Wie wollen Sie Ihre FÃ¤higkeiten bei der Erstellung von Inhalten verbessern? ğŸ˜»ğŸ‘…,bot,110,16,0 days 00:00:25,1,1,2,5.625,2
127,"Vielen Dank fÃ¼r Ihre Videos! Sie sind immer so hochwertig und interessant. Ich kann sehen, dass Sie Profis sind.ğŸœğŸ»â€â™‚ï¸",bot,117,19,0 days 00:01:23,1,1,3,4.7368421052631575,3
128,Ihre Videos beeindrucken immer durch ihre hohe QualitÃ¤t und ihren tiefgrÃ¼ndigen Inhalt. Vielen Dank fÃ¼r Ihre harte Arbeit!ğŸŒğŸƒğŸš´â€,bot,126,18,0 days 00:04:53,1,1,2,5.722222222222222,3
129,"Meine GroÃŸmutter sagt, wahre Liebe ist, wenn man gemeinsam Ã¼ber Videos wie dieses lachen kannğŸ‘„",bot,94,15,0 days 00:01:27,0,0,1,5.133333333333334,1
130,Vielen Dank fÃ¼r die Liebe zum Detail! Ihre Videos sind immer erstklassig! ğŸ˜˜ğŸ­,bot,76,12,0 days 00:05:38,1,1,2,5.0,2
131,Einfach wunderbar! Danke fÃ¼r deine harte Arbeit und dein Talent! ğŸ‘„ğŸ˜»ğŸ‘…,bot,68,10,0 days 00:00:23,1,1,2,5.3,3
132,Danke fÃ¼r deine harte Arbeit und dein Talent. Deine Videos sind immer eine Freude.ğŸ…ğŸ»ğŸ¤,bot,85,14,0 days 00:00:54,0,1,2,4.785714285714286,3
133,Dein Kanal ist eine wahre Fundgrube an nÃ¼tzlichen Informationen! Vielen Dank dafÃ¼r! ğŸ§¡ğŸ’–,bot,86,12,0 days 00:01:12,1,1,2,5.833333333333333,2
134,Deine Videos sind immer voller KreativitÃ¤t und Stil. Vielen Dank fÃ¼r Ihr KÃ¶nnen!ğŸ¥ğŸ•‹ğŸ‘»,bot,83,13,0 days 00:01:26,1,1,2,5.076923076923077,3
135,"Ihren Kanal anzuschauen ist nicht nur Unterhaltung, sondern eine echte Bildungsreise. DafÃ¼r danke ich Ihnen!ğŸ“¸ğŸš¦ğŸš",bot,111,15,0 days 00:18:07,1,0,2,6.066666666666666,3
136,Ich habe dieses Video bei der Arbeit eingeschaltet und jetzt lacht auch mein Chef. Zeit fÃ¼r eine BefÃ¶rderungğŸ˜›,bot,109,18,0 days 00:00:32,0,0,2,5.0,1
137,"Vielen Dank fÃ¼r dieses Video! Jetzt habe ich ein neues Hobby, nÃ¤mlich lustige Videos zu finden und sie mit meinen Freunden zu teilenğŸ’•",bot,133,23,0 days 00:00:48,1,1,2,4.695652173913044,1
138,"Ihr Kanal ist nicht nur ein Ort, an dem man Videos anschauen kann, sondern auch eine Plattform zum Lernen und zur persÃ¶nlichen Entwicklung. Mach weiter so mit deiner wichtigen Arbeit!ğŸ¸ğŸ´ğŸ˜º",bot,186,30,0 days 00:00:34,1,0,2,5.0,3
139,Sehr interessantes und informatives Video! Vielen Dank fÃ¼r Ihre Liebe zum Detail! ğŸ˜˜ğŸ­,bot,84,12,0 days 00:09:08,1,1,2,5.666666666666667,2
140,Sehr interessantes und informatives Material! Vielen Dank fÃ¼r Ihre harte Arbeit und Ihren FleiÃŸ! ğŸ’ğŸ±,bot,99,14,0 days 00:00:43,1,1,2,5.785714285714286,2
141,"Dieses Video hat mich dazu gebracht, meine PlÃ¤ne fÃ¼r den Abend zu Ã¼berdenken. Ich bin jetzt offiziell mitten in der ÃœberarbeitungğŸ’š",bot,130,21,0 days 00:00:28,0,0,2,5.095238095238095,1
142,Ich bewundere Ihre ProfessionalitÃ¤t! Ihre Videos sind immer so hochwertig und interessant. Erfreuen Sie uns weiterhin mit Ihren Arbeiten.âœ¨ğŸªğŸŒ˜,bot,140,19,0 days 00:00:17,1,0,3,6.105263157894737,3
143,"Wenn ich so viel Talent hÃ¤tte wie der Mann in diesem Video, wÃ¤re ich jetzt schon berÃ¼hmtğŸ’•",bot,89,17,0 days 00:00:50,0,0,1,4.176470588235294,1
144,"Jedes Ihrer Videos ist ein kleines Meisterwerk, das durch seine SchÃ¶nheit und Tiefe besticht. Inspirieren und Ã¼berraschen Sie uns weiterhin!ğŸ¡ğŸ“ğŸ›",bot,143,20,0 days 00:00:30,1,0,2,5.9,3
145,"Ihre Videos sind ein Beispiel dafÃ¼r, wie Inhalte gemacht sein sollten. Qualitativ hochwertig gefilmt, geschickt geschnitten und mit nÃ¼tzlichen Informationen versehen. Ich danke Ihnen!Sie sind wahre Meister! Ihre Inhalte gefallen immer durch hohe QualitÃ¤t und ProfessionalitÃ¤t. Erfreuen Sie uns weiterhin mit Ihren Werken.â›¹ï¸ğŸŒŸğŸ’»",bot,325,43,0 days 00:00:17,1,0,6,6.3023255813953485,3
146,"Ihre Videos heben sich immer von der Masse ab. Danke fÃ¼r deine KreativitÃ¤t und deine einzigartige Art, die Welt zu sehen!ğŸ¥‚ğŸšŒğŸµ",bot,124,21,0 days 00:00:38,1,1,2,4.666666666666667,3
147,Sehr interessantes und relevantes Thema! Ich freue mich schon auf Ihr nÃ¤chstes Video! ğŸ’âœ¨,bot,88,13,0 days 00:00:53,1,0,2,5.461538461538462,2
148,Fantastisch! Vielen Dank fÃ¼r Ihre harte Arbeit und Ihr Talent! ğŸ˜›ğŸ’•,bot,65,10,0 days 00:00:51,1,1,2,5.1,2
149,"Wenn ich so viel Selbstvertrauen hÃ¤tte wie der Typ in diesem Video, wÃ¤re ich schon PrÃ¤sidentğŸ‘„",bot,93,16,0 days 00:00:47,0,0,1,4.75,1
150,"Deine Videos sind immer so spitzbÃ¼bisch und unterhaltsam! Vielen Dank fÃ¼r deinen Sinn fÃ¼r Humor und deine FÃ¤higkeit, uns den Tag zu verschÃ¶nern und SpaÃŸ zu bereiten!ğŸ’¯â“ğŸ’«",bot,168,27,0 days 00:00:26,1,1,2,5.037037037037037,3
151,Sehr interessantes und informatives Video! Vielen Dank fÃ¼r Ihre Liebe zum Detail! ğŸ’âœ¨,bot,84,12,0 days 00:00:49,1,1,2,5.666666666666667,2
152,"Wenn Lachen das Leben verlÃ¤ngern wÃ¼rde, dann wÃ¼rde mich dieses Video unsterblich machenğŸ±",bot,88,13,0 days 00:00:47,0,0,1,5.6923076923076925,1
153,Ihre Videos zeichnen sich immer durch QualitÃ¤t und OriginalitÃ¤t aus. Vielen Dank fÃ¼r Ihren Beitrag!ğŸ“ğŸ¥­ğŸ¦,bot,102,15,0 days 00:02:58,1,1,2,5.533333333333333,3
154,"Ich habe dieses Video meinem Chef gezeigt, und jetzt haben wir eine neue Art, unsere Pausen zu verbringen - gemeinsam zu lachenğŸ˜›",bot,128,22,0 days 00:01:24,0,0,1,4.904761904761905,1
155,Auf deinem Kanal ist jedes Video eine neue Geschichte und Entdeckung. Ãœberrasche und inspiriere uns immer wieder aufs Neue!ğŸ”³ğŸ¤‘ğŸ˜€,bot,126,19,0 days 00:01:43,1,0,2,5.421052631578948,3
156,"Ich habe dieses Video meiner GroÃŸmutter gezeigt, und jetzt will sie auch Bloggerin werden. Ich glaube, wir haben ein neues ProjektğŸ”¥",bot,131,21,0 days 00:00:30,0,0,2,5.095238095238095,1
157,Sehr interessante Videos! Danke fÃ¼r deine KreativitÃ¤t und Hingabe! ğŸ‘…ğŸ’‹,bot,69,9,0 days 00:01:05,1,1,2,6.222222222222222,2
158,Deine Videos sind immer so lustig und spritzig! Vielen Dank fÃ¼r dein Talent und deine KreativitÃ¤t in Bezug auf unterhaltsame Inhalte!â›³ï¸ğŸ”¥ğŸ™ˆ,bot,137,21,0 days 00:00:28,1,1,2,5.285714285714286,3
159,Einfach wunderbar! Danke fÃ¼r deine harte Arbeit und dein Talent! ğŸ‘…ğŸ’‹,bot,67,10,0 days 00:03:34,1,1,2,5.3,2
160,Ihre Videos sind ein Genuss fÃ¼r Augen und Geist! Die QualitÃ¤t ist erstklassig und die PrÃ¤sentation der Informationen ist professionell. Vielen Dank dafÃ¼r!ğŸ·ğŸ£ğŸ¤š,bot,157,23,0 days 00:02:06,1,1,3,5.608695652173913,3
161,"Deine Videos sind nicht nur Inhalt, sie sind eine Quelle der Inspiration und des Lernens. Danke fÃ¼r deine KreativitÃ¤t und deine Arbeit!ğŸ™ğŸ˜—ğŸŒ®",bot,138,22,0 days 00:00:23,1,1,2,5.045454545454546,3
162,"Dein Kanal ist nicht nur eine Informationsquelle, sondern ein Ort, an dem jedes Video ein kleines Meisterwerk ist. Machen Sie weiter so!ğŸ–•ğŸ‘ğŸ”¹",bot,139,22,0 days 00:01:28,1,0,2,5.045454545454546,3
163,"Dieses Video hat mich dazu gebracht, mein Leben neu zu bewerten und zu erkennen, dass ich auch eine Katze in meinem Umfeld braucheğŸ‘…",bot,131,23,0 days 00:00:41,0,0,1,4.608695652173913,1
164,Vielen Dank fÃ¼r Ihre Videos! Sie sind immer so einzigartig und von hoher QualitÃ¤t. Du bist eine Inspiration!ğŸš¢ğŸ†ğŸ†,bot,111,18,0 days 00:00:38,1,1,3,4.888888888888889,3
165,"Ich wusste nicht, dass Katzen so lustig sein kÃ¶nnen. Jetzt habe ich ein neues Hobby - Katzenvideos ansehenğŸ“",bot,107,18,0 days 00:00:30,0,0,2,5.0588235294117645,1
166,Hat wirklich SpaÃŸ gemacht! Ich freue mich auf weitere Videos! ğŸ˜˜ğŸ­,bot,64,10,0 days 00:01:54,1,0,2,5.0,2
167,"Als ich dieses Video sah, wurde mir klar, dass ich einen neuen Weg gefunden hatte, mich selbst zu ermutigenğŸ’š",bot,108,19,0 days 00:00:35,0,0,1,4.526315789473684,1
168,Ihre Videos sind immer eine Freude zu sehen. Danke fÃ¼r dein KÃ¶nnen und deine KreativitÃ¤t!ğŸ‘ğŸ¦•ğŸ«,bot,92,15,0 days 00:00:23,1,1,2,4.866666666666666,3
169,Dein Kanal ist eine der besten Quellen fÃ¼r hochwertige Inhalte. Machen Sie uns weiterhin mit Ihren Kreationen glÃ¼cklich!ğŸŒ±ğŸ›³ğŸ¾,bot,123,18,0 days 00:00:48,1,0,2,5.611111111111111,3
170,"Ich wusste nicht, dass Katzen so talentiert sein kÃ¶nnen. Meine Katze muss von dem Star dieses Videos lernenğŸ­",bot,108,18,0 days 00:00:49,0,0,2,4.888888888888889,1
171,"Es ist sehr inspirierend, deinen Kanal zu sehen. Deine Videos sind immer so interessant und informativ.ğŸ“¹ğŸ“¹ğŸ‹",bot,106,16,0 days 00:04:53,0,0,2,5.3125,3
172,"GroÃŸartiger Inhalt! Es ist immer ein VergnÃ¼gen, Ihre Videos anzuschauen - sie sind so hochwertig und interessant.ğŸğŸ•¶ğŸ˜‰",bot,116,17,0 days 00:02:36,1,0,2,5.8125,3
173,"Wenn du das Video anschaust und feststellst, dass es das Beste ist, was dir den ganzen Tag passiert istğŸ“",bot,104,19,0 days 00:00:39,0,0,1,4.368421052631579,1
174,Ich schÃ¤tze deine Herangehensweise an die Erstellung von Inhalten sehr. Ihre Videos sind immer erstklassig!ğŸ‘Œâœˆï¸ğŸ‡,bot,111,15,0 days 00:00:31,1,0,2,6.066666666666666,3
175,"Ich habe dieses Video eingeschaltet, um zu lachen, und jetzt lachen auch meine Nachbarn, obwohl sie nicht wissen, warumğŸ”¥",bot,120,19,0 days 00:00:31,0,0,1,5.105263157894737,1
176,"Jedes deiner Videos ist ein filmisches Meisterwerk, das Anerkennung und Respekt verdient. Inspiriere uns weiterhin mit deinem Talent und deiner Arbeit!ğŸ˜—ğŸŒ„ğŸ˜»",bot,154,21,0 days 00:03:42,1,0,2,6.095238095238095,3
177,"Vielen Dank fÃ¼r eure Hingabe und Liebe zu eurer Kunst. Es ist immer eine Freude, deine Videos anzuschauen.ğŸ”²ğŸš€ğŸ˜µâ€",bot,110,18,0 days 00:03:21,0,1,2,4.777777777777778,3
178,Dein Kanal ist eine wahre Fundgrube der Inspiration. Vielen Dank fÃ¼r Ihren Beitrag!ğŸŒœğŸ‘„ğŸŒª,bot,86,13,0 days 00:00:25,1,1,2,5.3076923076923075,3
179,Sehr cool! Vielen Dank fÃ¼r Ihre Liebe zum Detail! ğŸ­ğŸ’,bot,52,9,0 days 00:08:54,1,1,2,4.333333333333333,2
180,Deine Videos sind immer eine Quelle der PositivitÃ¤t und guten Laune. Vielen Dank fÃ¼r deine lustige und kreative Arbeit!ğŸ”»ğŸ‘½ğŸŒ‘,bot,122,19,0 days 00:02:46,1,1,2,5.2105263157894735,3
181,Ihre Videos sind immer voller KreativitÃ¤t und Stil. Vielen Dank fÃ¼r Ihr KÃ¶nnen!ğŸŒ’ğŸ«£ğŸ”²,bot,82,13,0 days 00:00:39,1,1,2,5.0,3
182,"Deine Videos sind nicht nur Unterhaltung, sie sind eine Quelle der Inspiration und Weisheit. Vielen Dank fÃ¼r deine KreativitÃ¤t und dein Engagement!ğŸ¦–ğŸ½ğŸŸ¨",bot,150,22,0 days 00:00:42,1,1,2,5.590909090909091,3
183,Ich bewundere jedes Mal Ihre ProfessionalitÃ¤t und KreativitÃ¤t. Vielen Dank fÃ¼r Ihre harte Arbeit und Ihre BemÃ¼hungen!ğŸˆğŸš´â€â€â™€ï¸,bot,123,17,0 days 00:00:30,1,1,3,5.823529411764706,3
184,Deine Videos werden immer fÃ¼r ihre ProfessionalitÃ¤t und KreativitÃ¤t bewundert. Danke fÃ¼r deine Hingabe!ğŸ›¥ğŸ—ğŸª,bot,106,14,0 days 00:16:42,1,1,2,6.285714285714286,3
185,Jede VerÃ¶ffentlichung ist ein kleines Meisterwerk. Danke fÃ¼r deine harte Arbeit und deine Liebe!â€â™‚ï¸â•â€â„ï¸,bot,103,14,0 days 00:04:07,1,1,3,5.785714285714286,3
186,Deine Ideen sind immer frisch und originell. Vielen Dank fÃ¼r die Inspiration!ğŸ‘¾ğŸšğŸŒ,bot,80,12,0 days 00:00:24,1,1,2,5.333333333333333,3
187,Deinen Kanal anzuschauen ist wie eine Eintrittskarte in eine Welt voller SpaÃŸ und Freude. Vielen Dank fÃ¼r deine kreative und anregende Arbeit!ğŸŒ–ğŸ‹ï¸ğŸ¦ˆ,bot,146,22,0 days 00:03:11,1,1,2,5.409090909090909,3
188,"Ihren Kanal anzuschauen ist nicht nur Unterhaltung, sondern eine echte Bildungsreise. DafÃ¼r danke ich Ihnen!ğŸ’šğŸŒ†ğŸ‹ï¸",bot,112,15,0 days 00:00:44,1,0,2,6.066666666666666,3
189,Ich liebe Deine profunden Analysen. Ich wÃ¼nsche Dir und Deinen Lieben ein tolles neues Jahr!ğŸ˜ƒğŸ’«ğŸ€ğŸ¾,bot,96,15,0 days 10:09:16,1,0,2,5.066666666666666,4
190,Danke fÃ¼r deine OriginalitÃ¤t und deinen einzigartigen Ansatz. Deine Videos sind immer wieder Ã¼berraschend.â˜€ï¸ğŸ…ğŸ¦,bot,110,14,0 days 00:00:22,0,1,2,6.5,3
191,"Ich bin sehr glÃ¼cklich, dass Ihr Kanal ein Teil meines Lebens geworden ist. Danke fÃ¼r deine KreativitÃ¤t und Aufrichtigkeit!ğŸ˜ğŸŸ¥ğŸ’Ÿ",bot,126,19,0 days 00:04:12,1,1,2,5.368421052631579,3
192,Dein Kanal ist eine wahre Fundgrube der Inspiration. Vielen Dank fÃ¼r deine harte Arbeit!ğŸ’¯ğŸ¤ªğŸ’£,bot,91,14,0 days 00:00:31,1,1,2,5.214285714285714,3
193,"Jedes Mal, wenn ich deine Videos anschaue, finde ich etwas Neues und Erstaunliches darin. Inspiriere und Ã¼berrasche uns weiterhin!ğŸ¦†ğŸ˜»ğŸ™Š",bot,133,19,,1,0,2,5.684210526315789,3
194,Ich bewundere Ihre ProfessionalitÃ¤t! Ihre Videos sind immer so hochwertig und interessant. Erfreuen Sie uns weiterhin mit Ihren Arbeiten.ğŸ£ğŸ¦ğŸ¥,bot,140,19,0 days 00:00:37,1,0,3,6.105263157894737,3
195,Deine Videos sind ein wahrer Urlaubsort fÃ¼r den Geist und die Seele. Danke fÃ¼r dein talentiertes Kanalmanagement und die tollen Inhalte!ğŸŒ„ğŸ˜³ğŸ›,bot,139,21,0 days 00:00:38,1,1,2,5.428571428571429,3
196,Deine Videos regen immer zum Nachdenken an und inspirieren. Danke fÃ¼r deine KreativitÃ¤t und Leidenschaft!â¤ï¸â›µï¸ğŸ”,bot,110,15,0 days 00:00:39,1,1,2,5.933333333333334,3
197,Ihr Kanal ist ein echter Fund! Die QualitÃ¤t der Videos und die PrÃ¤sentation der Informationen ist erstklassig. Vielen Dank fÃ¼r Ihre harte Arbeit!ğŸ˜„ğŸ§€ğŸ’—,bot,148,23,0 days 00:14:26,1,1,3,5.217391304347826,3
198,Ich danke Ihnen fÃ¼r Ihre harte Arbeit und MÃ¼he. Deine Videos sind ein echtes Kunstwerk.ğŸ«”ğŸš•ğŸˆ,bot,90,15,0 days 00:16:03,0,0,2,4.733333333333333,3
199,"Jedes Mal bin ich davon Ã¼berzeugt, dass dein Kanal ein echtes Juwel auf YouTube ist. Danke fÃ¼r deine KreativitÃ¤t und dein Engagement!ğŸŒ„ğŸ¦ğŸ‘",bot,136,22,0 days 00:00:57,1,1,2,4.954545454545454,3
200,Deine Videos bringen mich immer zum LÃ¤cheln und lassen mich alle meine Sorgen vergessen. Danke fÃ¼r deine wunderbare KreativitÃ¤t!ğŸ’¯ğŸ›·ğŸ‘‘,bot,131,19,0 days 00:00:23,1,1,2,5.684210526315789,3
201,Ich schaue dir mit groÃŸem VergnÃ¼gen zu. Deine Videos sind ein wahres Kunstwerk.ğŸ‘ŠğŸ¥ğŸ¡,bot,82,13,0 days 00:00:41,0,0,2,5.0,3
202,"Deine Videos schaffen es immer, mich selbst an den grauesten Tagen aufzuheitern. Danke fÃ¼r deine frÃ¶hliche KreativitÃ¤t und deine positive Einstellung!ğŸ•ğŸŒ½ğŸ˜˜",bot,153,21,0 days 00:21:55,1,1,2,6.0476190476190474,3
203,Dein Kanal ist eine wahre Fundgrube der Inspiration. Vielen Dank fÃ¼r deine harte Arbeit!â—ï¸ğŸ¦‰ğŸ,bot,92,14,0 days 00:13:58,1,1,2,5.214285714285714,3
204,Deine Videos bringen mir immer eine Menge SpaÃŸ und PositivitÃ¤t! Danke fÃ¼r deinen unvergleichlichen Humor und Witz!ğŸ˜¾ğŸ¥¥â™¥ï¸,bot,118,17,0 days 00:00:58,1,1,2,5.647058823529412,3
205,Ihren Kanal zu sehen ist wie ein Urlaub fÃ¼r meinen Geist und meine Seele. Danke fÃ¼r deine lustigen und kreativen Inhalte!ğŸ§­ğŸš¢ğŸŒ˜,bot,124,21,0 days 00:05:12,1,1,2,4.714285714285714,3
206,"Ihr Kanal ist nicht nur ein YouTube-Kanal, er ist ein echtes Bildungsportal. Vielen Dank fÃ¼r Ihren Beitrag!â€â™€ï¸ğŸŒŒâš¾ï¸",bot,113,17,0 days 00:17:37,1,1,3,5.117647058823529,3
207,"Dein Kanal ist eine wahre Oase fÃ¼r Geist und Seele. Danke fÃ¼r deine WÃ¤rme und das Licht, das du in unser Leben bringst!ğŸ–•ğŸ«”â€¼ï¸",bot,123,23,0 days 00:07:03,1,1,2,4.086956521739131,3
208,"Deine Videos strahlen immer so viel WÃ¤rme und Freundlichkeit aus! Danke fÃ¼r deinen groÃŸartigen Sinn fÃ¼r Humor und deine FÃ¤higkeit, deine Freude zu teilen!ğŸ¥¦ğŸ’ŒğŸŒ…",bot,157,24,0 days 00:00:27,1,1,2,5.333333333333333,3
209,Vielen Dank fÃ¼r deine Arbeit! Ihre Inhalte sind immer voller QualitÃ¤t und nÃ¼tzlicher Informationen. Ich schaue mir jedes Ihrer Videos gerne an.ğŸŒ‰ğŸ¦“ğŸ¤¹,bot,146,22,0 days 00:00:36,1,1,3,5.409090909090909,3
210,Dein Kanal ist wie eine frÃ¶hliche Reise in eine Welt voller SpaÃŸ und Unterhaltung. Erfreuen Sie uns weiterhin mit Ihren lustigen Videos!âš±ï¸ğŸŒ˜ğŸ§¨,bot,140,22,0 days 00:00:47,1,0,2,5.136363636363637,3
211,"Deine Videos sind immer so hochwertig und interessant, dass die Zeit wie im Flug vergeht, wenn ich sie anschaue. Vielen Dank fÃ¼r deine Arbeit!ğŸ¾ğŸŒ±ğŸ˜‹",bot,145,24,0 days 00:00:29,1,1,2,4.791666666666667,3
212,"*........1â„… der Leute schauen sich diesen Kommentar an. Ich hoffe, dass es Ihnen und Ihren Familien gut geht und dass Sie alle gut zuschauen kÃ¶nnen* â¤ğŸ§¡ğŸ˜",bot,152,25,0 days 00:18:42,0,0,3,4.44,3
213,Deine Videos sind wie kleine Meisterwerke. Ich danke dir fÃ¼r dein Talent und deine MÃ¼he.ğŸªğŸğŸš›,bot,91,15,0 days 00:00:38,0,0,2,4.8,3
214,"Vielen Dank fÃ¼r eure Hingabe und Liebe zu eurer Kunst. Es ist immer eine Freude, deine Videos anzuschauen.ğŸ’–ğŸ¤ğŸ¦›",bot,109,18,0 days 00:00:27,0,1,2,4.777777777777778,3
215,"Deine Videos sind immer so lebendig und zu Herzen gehend. Danke fÃ¼r deine KreativitÃ¤t und deine FÃ¤higkeit, die Aufmerksamkeit deiner Zuschauer zu fesseln!ğŸ¼ğŸš´ğŸŒ¸",bot,157,23,0 days 00:01:02,1,1,2,5.608695652173913,3
216,Dein Kanal ist wie ein Licht in der YouTube-Welt. Inspirieren Sie uns weiterhin mit Ihren Videos!â›¹ï¸ğŸ¦­ğŸ™,bot,101,16,0 days 00:00:40,1,0,2,4.9375,3
217,"Sie ist vielleicht einfach die bescheidenste und herzerwÃ¤rmendste Person, die es gibtâ¤ï¸â¤ï¸â¤ï¸ğŸ’¦",bot,92,12,0 days 04:52:02,0,0,1,6.083333333333333,4
218,"Vielen Dank fÃ¼r Ihre hochwertigen Inhalte! Jede Folge ist ein neues Meisterwerk. Ich kann sehen, dass ihr viel Zeit und MÃ¼he in eure Videos steckt.ğŸ¤ğŸŒğŸ‡",bot,150,25,0 days 00:00:44,1,1,3,4.76,3
219,"Sie ist vielleicht einfach die bescheidenste und herzerwÃ¤rmendste Person, die es gibtâ¤ï¸â¤ï¸â¤ï¸ğŸ˜¶â€ğŸŒ«ï¸",bot,95,12,0 days 08:01:21,0,0,1,6.083333333333333,4
220,Jedes Video ist ein wahrer Genuss! Vielen Dank fÃ¼r deine KreativitÃ¤t und ProfessionalitÃ¤t.ğŸ¹âš¾ï¸ğŸ ,bot,94,13,0 days 00:09:59,1,1,2,5.846153846153846,3
221,Vielen Dank fÃ¼r Ihre BemÃ¼hungen! Deine Videos sind immer so interessant und professionell. Machen Sie weiter so!ğŸªƒğŸ•ğŸ¦“,bot,115,17,0 days 00:23:29,1,1,3,5.470588235294118,3
222,Deine Videos sind immer so tiefgrÃ¼ndig und inspirierend! Danke fÃ¼r deine KreativitÃ¤t und Hingabe!ğŸš´ğŸŒšâ€â¬›,bot,101,14,0 days 00:23:24,1,1,2,5.857142857142857,3
223,"Sie ist vielleicht einfach die bescheidenste und herzerwÃ¤rmendste Person, die es gibtâ¤ï¸â¤ï¸â¤ï¸ğŸ¥°",bot,92,12,0 days 03:41:07,0,0,1,6.083333333333333,4
224,"Dein Kanal ist ein Ort, an dem ich mich immer entspannen und groÃŸartigen Humor genieÃŸen kann. Mach weiter so mit deinen witzigen Videos!ğŸ‡ğŸ”¶ğŸ’•",bot,139,23,0 days 00:05:19,1,0,2,4.826086956521739,3
225,"Sie ist vielleicht einfach die bescheidenste und herzerwÃ¤rmendste Person, die es gibtâ¤ï¸â¤ï¸â¤ï¸ğŸ˜†",bot,92,12,0 days 13:34:33,0,0,1,6.083333333333333,4
226,Deine Videos sind immer eine Freude und eine erfÃ¼llende Erfahrung. Danke fÃ¼r deine KreativitÃ¤t und deinen Enthusiasmus!ğŸ’šğŸ›¤ğŸ¥‘,bot,122,17,0 days 00:00:25,1,1,2,5.9411764705882355,3
227,"Dein Kanal ist eine Oase fÃ¼r alle, die KreativitÃ¤t und intellektuelle Unterhaltung zu schÃ¤tzen wissen. Erfreuen Sie uns weiterhin mit Ihren cleveren Videos!ğŸŒ˜ğŸš—ğŸ”¶",bot,159,23,0 days 00:00:24,1,0,2,5.695652173913044,3
228,"Ihre Videos sind ein wahres VergnÃ¼gen! Die QualitÃ¤t, die PrÃ¤sentation der Informationen - alles ist erstklassig. Vielen Dank fÃ¼r Ihre harte Arbeit.ğŸŒšğŸ’ŸğŸ’™",bot,150,22,0 days 00:06:32,1,1,3,5.761904761904762,3
229,Vielen Dank fÃ¼r deinen Beitrag zur YouTube-Gemeinschaft. Deine Videos sind immer sehenswert!ğŸ–•ğŸƒğŸ”,bot,95,12,0 days 00:04:09,1,1,2,6.5,3
230,Deine Videos hinterlassen immer einen tiefen Eindruck in den Herzen deiner Zuschauer. Vielen Dank fÃ¼r deine KreativitÃ¤t und Aufrichtigkeit!ğŸ¥ğŸš´ğŸ—,bot,142,19,0 days 00:01:11,1,1,2,6.2631578947368425,3
231,Deine Videos sind immer von tiefer Bedeutung und Emotion erfÃ¼llt. Danke fÃ¼r deine KreativitÃ¤t und deine BemÃ¼hungen!ğŸ«¢ğŸ« ğŸš˜ğŸŒ,bot,119,17,0 days 00:05:58,1,1,2,5.705882352941177,4
232,"Vielen Dank fÃ¼r eure Hingabe und Liebe zu eurer Kunst. Es ist immer eine Freude, deine Videos anzuschauen.ğŸ«”â›â›",bot,109,18,0 days 00:05:18,0,1,2,4.777777777777778,3
233,Ihre Videos sind immer so aufschlussreich und intelligent. Vielen Dank fÃ¼r Ihren Beitrag zur Bildung und Entwicklung der Gemeinschaft!ğŸ¤¡â›³ï¸ğŸ‘Œ,bot,138,19,0 days 00:00:21,1,1,2,6.0,3
234,Vielen Dank fÃ¼r deine Arbeit! Ihre Inhalte sind immer voller QualitÃ¤t und nÃ¼tzlicher Informationen. Ich schaue mir jedes Ihrer Videos gerne an.ğŸ°ğŸ’œğŸ¬,bot,146,22,0 days 00:04:34,1,1,3,5.409090909090909,3
235,Dein Kanal ist eine Quelle fÃ¼r endloses Lachen und SpaÃŸ. Inspirieren Sie uns weiterhin mit Ihren lustigen und unbeschwerten Inhalten!ğŸ–²ğŸ”¶ğŸ“¸,bot,136,20,0 days 00:00:17,1,0,2,5.6,3
236,Vielen Dank fÃ¼r Ihre BemÃ¼hungen! Deine Videos sind immer so interessant und professionell. Erfreuen Sie uns weiterhin mit Ihrer Arbeit.â›ğŸ†ğŸˆ,bot,138,20,0 days 00:00:34,1,1,3,5.65,3
237,"Ihre Videos sind immer originell und von hoher QualitÃ¤t. Danke fÃ¼r Ihre FÃ¤higkeit, zu inspirieren und zu Ã¼berraschen!ğŸ¤¹ğŸ„ğŸŒ",bot,120,18,0 days 00:00:37,1,1,2,5.388888888888889,3
238,Deine Videos sind ein wahrer Urlaubsort fÃ¼r den Geist und die Seele. Danke fÃ¼r dein talentiertes Kanalmanagement und die tollen Inhalte!ğŸŒŒğŸª€ğŸ—»,bot,139,21,0 days 00:00:30,1,1,2,5.428571428571429,3
239,Ich schÃ¤tze Ihre harte Arbeit und ProfessionalitÃ¤t sehr! Ihre Videos sind ein echtes Beispiel fÃ¼r QualitÃ¤tsinhalte auf YouTube.ğŸˆğŸ›¸ğŸ–,bot,130,18,0 days 00:04:24,1,0,2,6.0,3
240,"Ihr Kanal ist nicht nur ein YouTube-Kanal, er ist ein echtes Bildungsportal. Vielen Dank fÃ¼r Ihren Beitrag!ğŸ¥ğŸ›´â™€ï¸",bot,111,17,0 days 00:02:32,1,1,2,5.117647058823529,3
241,"Deinen Kanal anzuschauen ist, als ob man einen guten Freund trifft, der immer weiÃŸ, wie er einen aufheitern kann. Machen Sie uns weiterhin mit Ihren farbenfrohen Videos glÃ¼cklich!ğŸŒ—ğŸ™‰ğŸŒ–",bot,182,28,0 days 00:00:25,1,0,2,5.25,3
242,Deine Videos sind ein Schatz. Vielen Dank fÃ¼r Ihr Talent und Ihre KreativitÃ¤t.ğŸ’˜â™‚ï¸ğŸ˜,bot,82,13,0 days 00:03:09,0,1,2,4.923076923076923,3
243,Vielen Dank fÃ¼r deinen einzigartigen Ansatz. Deine Videos sind eine echte Entdeckung in der Welt von YouTube.ğŸğŸ„ğŸŒ¡,bot,112,17,0 days 00:00:40,0,1,2,5.352941176470588,3
244,Ich danke Ihnen fÃ¼r Ihre Liebe zum Detail und Ihre QualitÃ¤t. Ihre Videos sind immer erstklassig.ğŸ—ğŸ§€ğŸ¦,bot,99,16,0 days 00:01:17,0,0,2,4.9375,3
245,Vielen Dank fÃ¼r Ihre BemÃ¼hungen! Deine Videos sind immer so interessant und professionell. Erfreuen Sie uns weiterhin mit Ihrer Arbeit.ğŸ˜‚ğŸ¥¿ğŸ¤,bot,138,20,0 days 00:24:56,1,1,3,5.65,3
246,Deine Videos sind eine wahre Quelle der Inspiration und Weisheit. Danke fÃ¼r deine KreativitÃ¤t und Hingabe!ğŸ‘¡ğŸ¥¬â›³ï¸,bot,110,16,0 days 00:05:08,1,1,2,5.5625,3
247,Vielen Dank fÃ¼r Ihre Liebe zum Detail und Ihre QualitÃ¤t. Ihre Videos sind immer beeindruckend.ğŸ¤ğŸ«¶ğŸ›©,bot,97,15,0 days 00:07:15,0,1,2,5.2,3
248,"Ihren Kanal anzuschauen ist nicht nur Unterhaltung, sondern eine echte Bildungsreise. DafÃ¼r danke ich Ihnen!ğŸŒğŸ¦ğŸ™ˆ",bot,111,15,0 days 00:00:39,1,0,2,6.066666666666666,3
249,Deine Videos sind eine wahre Reise des Wissens und der Inspiration. Erfreuen Sie uns weiterhin mit Ihren erstaunlichen Videos!ğŸŸªğŸ¦®ğŸ«¢ğŸ« ,bot,130,19,0 days 00:04:13,1,0,2,5.578947368421052,4
250,Ich liebe deine videosâ¤,nonbot,23,4,0 days 01:03:34,0,0,1,4.75,1
251,Super vielen herzlichen Dank â¤,nonbot,30,4,0 days 00:39:25,0,1,1,6.25,1
252,"Super Rezept, dankeğŸ˜werde ich ausprobieren. Wie groÃŸ sind deine Flaschen?",nonbot,73,10,0 days 18:22:35,0,0,2,6.0,1
253,Ich lasse mich gerne von dir inspirieren. Vielen Dank dafÃ¼r. ğŸ‘ğŸ‘ğŸ«¶,nonbot,64,10,1 days 01:11:53,0,1,2,4.9,3
254,Welche Sprachen sprichst du eigentlich??? P. S. Liebe deine Videosâ¤â¤â¤ğŸ˜ŠğŸ˜ŠğŸ˜Š,nonbot,72,10,0 days 01:49:46,0,0,4,5.2,6
255,"Du bist die schÃ¶nste Deko liebe Iris ğŸ’‹,hab einen schÃ¶nen Abend ğŸ˜˜â¤ï¸",nonbot,66,11,0 days 00:54:00,0,0,1,4.545454545454546,3
256,"Liebe Frau Anderson, sie sprechen mir aus dem â¤en. Vielen Dank dafÃ¼r ğŸ™ğŸ»",nonbot,71,12,0 days 10:05:19,0,1,2,4.5,2
257,Super videoğŸ˜ŠğŸ˜ŠğŸ˜ŠğŸ˜ŠğŸ˜ŠğŸ˜ŠğŸ˜ŠğŸ˜ŠğŸ˜ŠğŸ˜ŠğŸ˜ŠğŸ˜Š,nonbot,23,2,0 days 00:00:34,0,0,1,5.0,12
258,Herzlichenâ¤ lieben Dank liebe Elli  fÃ¼r die lieben Worte.Ich wÃ¼nsche dir noch einen scjÃ¶nen Tag â¤â¤â¤â¤â¤ğŸ˜‚ğŸ‰ğŸ˜ŠğŸ’–ğŸ™ğŸ’ğŸŒ¹ğŸŒ¹ğŸŒ¹ğŸ€ğŸ’œâ˜•ï¸ğŸ’–,nonbot,115,15,0 days 07:40:28,0,1,3,5.2,19
259,Sehr schÃ¶nes Video â¤ğŸ˜Š,nonbot,21,3,0 days 00:05:34,0,0,1,5.333333333333333,2
260,Wie immer ein groÃŸartiges Video ğŸ˜Š,nonbot,33,5,0 days 06:41:23,0,0,1,5.4,1
261,Danke!!!!ğŸ‰ğŸ‰â¤,nonbot,12,1,0 days 08:02:19,1,1,1,5.0,3
262,Danke. Auch euch. Bleibt gesund und munter. â¤â¤ğŸ¤—ğŸ¤—,nonbot,48,7,0 days 08:44:56,0,1,3,4.857142857142857,4
263,Kurzes aber starkes Video ğŸ‘ğŸ»,nonbot,28,4,0 days 00:03:46,0,0,1,5.5,1
264,Klasse Thema . Bei mir und anderen ist das Thema gerade hochaktuell. DankeschÃ¶n ğŸ‘,nonbot,81,13,0 days 02:01:13,0,1,3,5.416666666666667,1
265,Danke fÃ¼r den lieben GruÃŸ ğŸ’–ğŸ…â­wÃ¼nsche dir auch eine wunderschÃ¶ne Vorweihnachtszeit mit lieben GrÃ¼ÃŸen von mir zu dirğŸ’–ğŸ‘¼â­ğŸ™ğŸ•¯â­ğŸ¥°,nonbot,121,18,0 days 12:42:58,0,1,1,5.222222222222222,10
266,Top Video ğŸ˜ğŸ‘. Wer noch Fragen hat braucht sich nur das Video ansehen . Macht weiter so ğŸ‘ğŸ‘ğŸ™‹â€â™‚ï¸,nonbot,93,17,0 days 00:49:10,0,0,3,4.4,5
267,ğŸ˜‚ Vielen Dank fÃ¼r die Umsetzung dieser geilen Ideeâœ¨,nonbot,51,8,0 days 00:56:45,0,1,1,5.125,2
268,Merle ich liebe deine Videos bitte antworteâ¤â¤â¤â¤â¤ich turne selber und du und Isabell sind meine Vorbilderâ¤â¤â¤â¤ğŸ˜ŠğŸ˜Š,nonbot,110,16,0 days 00:45:15,0,0,1,5.25,11
269,Hab ein Video dazu gepostet ich hoffe ihr seht es ğŸ¥°ğŸ¥°,nonbot,52,10,0 days 05:01:11,0,0,1,4.0,2
270,Euer Baum ist ja sÃ¼ÃŸ ğŸ‰Danke fÃ¼r die Motivation â¤â¤â¤,nonbot,50,9,0 days 16:28:43,0,1,1,4.111111111111111,4
271,"Hallo liebe Beate, viele neue BÃ¼cher. Sehr interessante und schÃ¶ne BÃ¼cher ğŸ“šğŸ‘. Ich freue mich schon auf deine Lesemonate ğŸ’ğŸ“–. Ich wÃ¼nsche dir einen wunderschÃ¶nen 2. Advent ğŸ•¯ï¸ğŸ•¯ï¸ğŸ„ğŸ’–. Viele liebe GrÃ¼ÃŸe Beate ğŸ¥°ğŸ˜˜ğŸ¤—",nonbot,205,32,0 days 03:55:28,0,0,6,5.310344827586207,11
272,ğŸ‘ğŸ‘ğŸ‘ğŸ‘ nicht vergessen... lasst dem video doch eine ğŸ‘ da..  danke .. LG ğŸ„ğŸ„ğŸ„ğŸ„ğŸ»ğŸ‘,nonbot,76,11,0 days 08:09:49,0,0,5,4.4,11
273,Super Idee wiederğŸ‘Œ! Danke! ğŸ¤—,nonbot,28,4,0 days 07:20:47,1,1,2,5.0,2
274,Du bist wunderschÃ¶n. Ich liebe deine Videos. Wie bist du eigentlich MillionÃ¤ren geworden?â¤ï¸â¤ï¸â¤ï¸â¤ï¸â¤ï¸â¤ï¸â¤ï¸â¤ï¸â¤ï¸â¤ï¸,nonbot,109,13,0 days 06:47:02,0,0,3,5.6923076923076925,10
275,Vielen lieben Dank ihr Zwei fÃ¼r das tolle Video und fÃ¼rs Teilhaben lassen â¤ï¸ğŸ˜ğŸ’™ğŸ’ğŸ˜â¤ï¸Es war soooo schÃ¶n â¤ï¸ğŸ˜ğŸ’ğŸ’™ğŸ˜â¤ï¸,nonbot,109,17,0 days 06:25:49,0,1,1,4.470588235294118,12
276,Danke fÃ¼r ihre Arbeit. ğŸ™ğŸ¼ğŸš€,nonbot,26,4,0 days 12:45:16,0,1,1,4.5,2
277,Wie heisst der Film?? Ich liebe auf der Wahrheit basierende Sciencefiction Filme!! ğŸ¤©ğŸ˜ğŸ˜,nonbot,86,12,0 days 10:21:25,1,0,2,5.583333333333333,3
278,"Da geht einem das Herz auf, so schÃ¶ne Aufnahmen. Vielen Dank lieber Alex fÃ¼r das wunderbare Video. So viel Likes kann ich gar nicht geben. ğŸ‘â¤ğŸ™",nonbot,142,25,0 days 05:14:46,0,1,3,4.4,3
279,"Wie immer, ein groÃŸes DankeschÃ¶n fÃ¼r Deine stets interessante und wertvolle Arbeit. .âœŒï¸!! âš˜ï¸ğŸ“¯ğŸ§‘â€ğŸ„",nonbot,96,14,0 days 04:05:23,1,1,2,5.833333333333333,3
280,â˜•ï¸ğŸ°ğŸ¥® Beste Unterhaltung bei Kaffee und Kuchen. Danke Denny,nonbot,58,8,0 days 00:05:54,0,1,2,5.625,3
281,ğŸ‘ Super Video Super Firma Super Mitarbeiter!!! Danke!,nonbot,53,7,0 days 13:31:47,1,1,2,5.857142857142857,1
282,Ich gehe voller Vertrauen meinen WEG.....der fÃ¼hrt mich nach Haus. Wundervoller schÃ¶ner Text mit fantastischen Stimmen ğŸ™ğŸ’–Herzlichen Dank!,nonbot,137,18,0 days 06:00:40,1,1,3,6.166666666666667,2
283,Tolle Vorstellung! Danke fÃ¼r die EindrÃ¼cke ğŸ™ğŸ¼ğŸ‘ŒğŸ¼ğŸ‘ğŸ¼,nonbot,49,6,0 days 03:44:42,1,1,2,6.0,3
284,Vielen dankâ¤â¤,nonbot,13,2,0 days 00:03:34,0,0,1,5.0,2
285,Das war sehr kurzweilig. â¤ï¸â€ğŸ”¥ğŸ–¤ğŸ¤ğŸ’šâ¤ï¸â¤ï¸â€ğŸ”¥ğŸ‘ğŸ¤¶ Euch einen schÃ¶nen 2. Advent. ğŸ‘‹ Mein Tipp 2:4 war MÃ¼ll ! Borussia sei Dank. ğŸ™ğŸ˜,nonbot,119,18,0 days 02:22:09,1,1,5,4.411764705882353,11
286,Die schlimmsten Menschen auf IG sind die die Bilder von anderen als eigene Verkaufen.  Danke fÃ¼r deine Informativen Videos ğŸ‘,nonbot,124,19,0 days 12:13:56,0,1,2,5.368421052631579,1
287,DANKEğŸ˜‡ğŸ§¡ğŸ’–,nonbot,8,1,0 days 11:32:57,0,0,1,5.0,3
288,Das Video habe ich gerade gebraucht!! Danke Sani â¤ï¸â€ğŸ©¹â¤ï¸,nonbot,55,8,0 days 01:16:25,1,1,2,4.875,2
289,"DankeschÃ¶n fÃ¼r das hochladen der Podcast, das ist ganz praktisch da ich zB noch nicht so lange dabei bin auf getnext und da kann ich so auch die Ã¤lteren BeitrÃ¤ge nochmal anhÃ¶ren! ğŸ¥°ğŸ¥°ğŸ¥°ğŸ¥°ğŸ˜ğŸ˜ğŸ˜ğŸ˜ğŸ˜ğŸ‘ğŸ‘ğŸ‘ğŸ‘ğŸ‘ğŸ«¶ğŸ«¶ğŸ«¶ğŸ«¶ğŸ«¶",nonbot,198,32,0 days 02:04:03,1,1,1,4.53125,19
290,"Deine Analyse zu XAI17K hat mich Ã¼berzeugt. Danke, dass du dieses Juwel geteilt hast ğŸš€",nonbot,86,14,0 days 01:06:18,0,1,2,4.928571428571429,1
291,Thanks for making me happy!  Wir lieben dich!ğŸ˜Šâ¤,nonbot,47,8,0 days 00:48:52,1,0,2,4.375,2
292,Geiles Video,nonbot,12,2,0 days 00:00:49,0,0,1,5.5,0
293,Es macht immer wieder SpaÃŸ Deine Videos anzuschauen ğŸ‘ğŸ» vielen Dank ğŸ™ğŸ»,nonbot,69,10,0 days 03:58:55,0,1,2,5.4,2
294,Danke fÃ¼r den Mehrwert ğŸ‰ğŸ‰ğŸ‰ğŸ‰ğŸ‰ğŸ‰ğŸ‰ğŸ‰ğŸ‰,nonbot,32,4,0 days 11:43:14,0,1,1,4.75,9
295,"Jungs, ich weiÃŸ nicht warum, aber ich gucke euch jeden Tag gerne zuâ¤ğŸ˜‚ğŸ‰ğŸ‰ğŸ‰ich liebe euch â¤",nonbot,88,15,0 days 07:49:46,0,0,1,4.333333333333333,6
296,Vielen Dank Herr Schubert fÃ¼r die Infos und Ihre Arbeit. ğŸ‘ ğŸ‘ ğŸ‘,nonbot,62,10,0 days 04:06:39,0,1,1,4.6,3
297,HahahahahağŸ¤£â¤ï¸ğŸ¤£ zu geilğŸ˜‚ liebe deine VideosğŸ«¶ğŸ¼â¤ï¸â¤ï¸â¤ï¸ğŸ¤£ğŸ¤£ğŸ¤£ğŸ¤£,nonbot,54,6,0 days 10:26:10,0,0,1,5.333333333333333,12
298,Ich liebe dieses Haus â¤â¤â¤â¤ğŸ‰ğŸ‰ğŸ‰ und eure Videos ğŸ¤«ğŸ¤­ğŸ¤—â¤ï¸â¤ï¸â¤ï¸â¤ï¸,nonbot,57,7,0 days 00:23:41,0,0,2,4.428571428571429,14
299,Liebe deine Videos!! ğŸ’—â¤ï¸,nonbot,24,3,0 days 04:51:56,1,0,1,5.333333333333333,2
300,Ich habe ihr Video gesehen und bin ein unheimlicher Der kleine Prinz Fan. Musste es gleich suchen und bestellen. Da ich auch das Stundenglas zuhause schon habe ğŸ˜… danke fÃ¼r diesen schÃ¶nen Tipp,nonbot,191,32,0 days 01:57:41,0,0,4,4.875,1
301,Im Replay geschaut. Ein schÃ¶ner Strauss â¤ wÃ¼nsche dir lieber Tobias und allen Blumenfreunden einen guten Rutsch ins neue Jahr ğŸ‰ğŸ‰ğŸ‰ğŸ€ğŸ„ğŸ,nonbot,132,19,0 days 06:43:59,0,0,3,5.473684210526316,7
302,Die Meckerei nervt jetzt ist ein Video mal dunkel und schon hagelt es Gemecker. Entspannt Euch mir hat es trotzdem wie immer viel Freude bereitet und ich sage trotzdem â¤lichen Dank ğŸ˜‰,nonbot,182,31,0 days 04:25:56,0,1,2,4.774193548387097,2
303,"Es hat absolut mega Spass gemacht und vielen lieben Dank, dass ich als Gast dabei sein durfte â¤ğŸ«¶ğŸ¥°ğŸ˜˜ Ganz herzliche GrÃ¼ÃŸe Ronny",nonbot,125,21,-1 days +12:45:02,0,1,2,4.714285714285714,4
304,"Herzlichen GlÃ¼ckwunsch Manuel,alles liebe fÃ¼r dich.ğŸ¦ğŸ¦…",nonbot,53,6,-1 days +17:28:36,0,0,1,7.333333333333333,2
305,"Wie wahr ,DankeschÃ¶n fÃ¼r die Nachricht, wÃ¼nsche Dir einen schÃ¶nen guten Tag lgğŸ˜Šâ¤",nonbot,80,13,0 days 06:53:17,0,1,1,4.923076923076923,2
306,"Lieber Dr. Rieck, vielen Dank fÃ¼r Ihre BeitrÃ¤ge in 2024!ğŸ‰",nonbot,57,10,0 days 09:28:32,1,1,2,4.4,1
307,Gutes Video â¤ğŸ‰ğŸ˜Šâ¤ï¸ğŸ‘ğŸ‘ğŸ‘ğŸ‘ğŸ‘,nonbot,22,2,0 days 05:49:54,0,0,1,5.0,9
308,Vielen Dank fÃ¼r das tolle Video! Habe viel gelernt! âœŒğŸ»ğŸ€ğŸ€ğŸ€,nonbot,57,9,0 days 04:41:05,1,1,2,4.555555555555555,4
309,"Vielen Dank lieber Bill fÃ¼r deine Arbeit! Ich kÃ¶nnte dir ewig zuhÃ¶ren, auch wenn die Themen nicht immer meine sind (aber hÃ¤ufig). WÃ¼nsche dir ein GlÃ¼ckiches neues Jahr 2025!ğŸ™ğŸ¥°âœ¨",nonbot,176,29,0 days 00:37:27,1,1,3,4.793103448275862,3
310,"Hallo liebe Irina! Vielen Dank fÃ¼r das schÃ¶ne Video! ğŸ¤—ğŸ¤—ğŸ¤— Ich wÃ¼nsche euch ein schÃ¶nes restliches Wochenende! ğŸ¥°ğŸ¥°ğŸ¥° Ich hoffe, du kannst dich etwas erholen. Man merkt dir an, wie schlecht es dir geht. ğŸ˜”ğŸ˜”ğŸ˜” Ich wÃ¼nsche dir nur das Beste! ğŸ€ğŸ€ğŸ€",nonbot,236,38,0 days 09:12:56,1,1,6,4.605263157894737,12
311,Liebe dich du bist sooooooo lustig auchğŸ‰â¤ğŸ‰â¤ PIN pls? (muss nicht) âœ¨ğŸ€âœ¨ğŸ€,nonbot,70,11,0 days 00:30:40,0,0,2,4.363636363636363,8
312,"Ich glaube an Jeschua Jesus Christus mein Herrn , Retter und ErlÃ¶ser und ich liebe ihn und ich glaube an GOTT mein Vater und ich liebe ihn so sei es ğŸ™âœŒï¸â¤ï¸ğŸ‘ğŸ™‚",nonbot,156,30,0 days 10:35:48,0,0,1,4.068965517241379,5
313,"Dirk kann ich jederzeit stundenlang zuhÃ¶ren, aber alle Beteiligten sind sehr interessant und das Ganze ist sehr unterhaltsam, vielen Dank fÃ¼r das Hochladen ğŸ‘ğŸ‘ğŸ‘ğŸ™‚",nonbot,160,23,0 days 04:20:08,0,1,1,5.695652173913044,4
314,Cooles Video Ich wÃ¼nsche dir schon Mal einen guten Rutsch ins neue Jahr mein lieber ğŸ˜ŠğŸ˜ŠğŸ˜Š,nonbot,87,15,0 days 03:19:14,0,0,1,4.6,3
315,"Liebe Landsleute,lasst es euch nicht nehmen Silvester so zu feiern und zu verbringen, wie ihr das fÃ¼r richtig haltet und geplant habt!ğŸ¾ğŸ¥‚ğŸ¥ğŸ†ğŸ‡ğŸ‰ğŸŠğŸ“£ğŸ‡©ğŸ‡ªğŸ‘ğŸ¥°",nonbot,146,22,0 days 05:46:11,1,0,1,5.0,11
316,Niedliche Katze awwğŸ˜Šâ¤â¤ liebe deine Videos â¤â¤â¤ bist der beste und deine Shorts sind lustig â¤â¤â¤â¤,nonbot,94,14,0 days 19:42:45,0,0,2,4.928571428571429,10
317,Wieder ein tolles Video so wie alle deine Videos â¤ğŸ˜Š,nonbot,51,9,0 days 12:36:33,0,0,1,4.444444444444445,2
318,"Na dann schauen wir mal, wird ein spannendes 2025 werden, abermals lieben Dank fÃ¼r den Content, drei Daumen nach oben ğŸ˜… ğŸ‘ğŸ‘ğŸ‘",nonbot,123,20,0 days 01:44:58,0,1,1,4.75,4
319,Du siehst WunderschÃ¶n aus. Ich liebe deine Haare. ğŸ˜Šâ¤â¤â¤â¤,nonbot,55,8,0 days 01:59:25,0,0,2,5.0,5
320,Danke Paulina fÃ¼r diese motivierende Antwort ğŸ˜ŠğŸ˜ŠğŸ˜ŠğŸ˜Šâ¤ i love you â¤,nonbot,63,9,0 days 02:01:48,0,1,2,5.222222222222222,6
321,Du mach die geilsten Videos ğŸ‘ğŸ¼,nonbot,30,5,0 days 09:37:24,0,0,1,4.6,1
322,Vielen lieben Dank fÃ¼r deinen interessanten Beitrag â¤ und einen guten Rutsch ins 2025 â¤,nonbot,87,13,0 days 13:02:07,0,1,2,5.461538461538462,2
323,Ich liebe deine Videos â¤,nonbot,24,4,0 days 22:25:43,0,0,1,4.75,1
324,Tolles Video wie immer ğŸ˜ŠğŸ‘ğŸ» Danke das du immer wieder interessante Immobilien zeigst. Wobei diese Villa einen eher abschreckt 10 Millionen dafÃ¼r?ğŸ« ,nonbot,145,21,0 days 23:41:05,0,1,3,5.619047619047619,3
325,"Lieber Kevin, ich hab keine Ahnung wie es kommt ğŸ¤·ğŸ»â€â™€ï¸ WÃ¼rde mich aber freuen, wenn es nur ansatzweise so kommt wie du sagst ğŸ˜‚ Danke fÃ¼r deine Arbeit. â¤ Rutsch gut in ein Jahr voller wahrer Prognosen ğŸš€",nonbot,200,34,0 days 19:28:23,0,1,4,4.470588235294118,4
326,WowğŸ˜®ich finde dieses Haus am besten ğŸ¤© liebe eure vidios,nonbot,55,9,0 days 01:24:14,0,0,2,4.888888888888889,2
327,Ich werde mir das Video an schauen ich weis aber jetzt schon das es geil wirdğŸ˜‚ğŸ˜‚ğŸ˜‚,nonbot,80,16,0 days 00:03:25,0,0,1,3.875,3
328,"Das Verkaufen wird nicht leicht werden, leider. Vielen Dank Karo fÃ¼r deine tolle Arbeit ğŸ‘ğŸ¾",nonbot,90,14,0 days 05:50:21,0,1,2,5.142857142857143,1
329,Ich lieber gemeinsam statt einsam meine Frau spielt auch und ihr beiden sowas von toll ğŸ‰ğŸ‰â¤â¤,nonbot,91,15,0 days 23:58:34,0,0,1,4.8,4
330,Du bist der beste ich liebe deine Videos ich wÃ¼nsche dir schonmal frohes neues Jahr ğŸ†ğŸˆğŸŠ ğŸ’•,nonbot,89,15,0 days 04:04:05,0,0,1,4.6,4
331,Lieber Heiko du hast wieder super Witze ich kann nicht mehr ich liebe deine Witze ich wÃ¼nsche euch beiden eine gute Nacht ğŸ˜‚ğŸ˜‚ğŸ˜‚ğŸ˜‚ğŸ‘ğŸ‘ğŸ™â­ğŸŒ›ğŸ¥°ğŸ¥°,nonbot,133,22,0 days 02:39:05,0,0,1,4.545454545454546,11
332,Alice fÃ¼r Deutschland und gewinnen ğŸ‘ Nur noch AFD kann diese Idioten stoppen ğŸ‘ Danke fÃ¼r die Arbeit  ğŸ‘ ğŸ‘,nonbot,104,16,0 days 06:15:33,0,1,3,5.0,4
333,Danke ğŸ‘ğŸ‘ğŸ‘ğŸ‘,nonbot,10,1,0 days 01:35:48,0,1,1,5.0,4
334,Sehr schÃ¶nes VideoğŸ‘,nonbot,19,3,0 days 00:29:16,0,0,1,5.333333333333333,1
335,Hoffen wir das Allerbeste! Danke sehr fÃ¼r die sehr inspirierende Infos! ğŸ€ğŸ€ğŸ€,nonbot,75,11,0 days 16:45:26,1,1,2,5.363636363636363,3
336,DankeschÃ¶n. ğŸ™ğŸ’ğŸŒºğŸ¶ğŸ˜¼ğŸ€ğŸğŸ˜‡ğŸ’â˜€ï¸ğŸ¦‹ğŸ”¥,nonbot,25,1,0 days 02:36:00,0,1,1,10.0,12
337,Vielen lieben Dank fÃ¼r Ihre BemÃ¼hungen ğŸ™ğŸ‘ğŸ’‹âœŒï¸ğŸ¥°,nonbot,45,6,1 days 01:31:00,0,1,1,5.5,5
338,Guten Morgen Fabian danke fÃ¼r das Update Video bis zur nÃ¤chsten Video ğŸ‘ğŸ™‚,nonbot,72,12,0 days 01:11:01,0,0,1,4.833333333333333,2
339,GLÃœCKWUNSCHğŸ‰ğŸ‰LIEBE DEINE VIEDEOSğŸ˜Š,nonbot,33,3,0 days 00:09:35,0,0,1,9.333333333333334,3
340,Ich liebe deine positive Art â¤ wird mir auch alles andere von dir anschauen WÃ¼sste voll gerne deine Meinung zu einigen anderen Themen auch ğŸ‰â¤ liebe â¤ğŸ˜Š,nonbot,150,24,0 days 14:37:17,0,0,3,4.958333333333333,5
341,Lieber Herr Winter einen guten Rutsch ins neue Jahr 2025 fÃ¼r Sie und die nette Marktfrau ğŸ€ğŸ€ğŸ€ğŸ·,nonbot,93,16,0 days 04:53:45,0,0,1,4.5625,4
342,Ich liebe deine gta Videos die sind so cool du  gibst dir so viel mÃ¼he ğŸ‰ğŸ‰ğŸ‰ğŸ„ğŸ„,nonbot,76,15,0 days 00:02:49,0,0,2,3.6666666666666665,5
343,Wir brauchen mehr Dora â¤ wir lieben deine Videos ğŸ˜‚ğŸ˜‚ğŸ˜‚,nonbot,52,8,0 days 05:31:42,0,0,2,4.875,4
344,Ich  liebe dich â¤â¤â¤ machst coole  Sachen ğŸ‰ğŸ‰â¤â¤â¤â¤,nonbot,47,6,0 days 14:44:57,0,0,4,4.833333333333333,9
345,Ich liebe deinen und leontin sein KanalğŸ˜˜â¤ï¸â¤ï¸â¤ï¸â™¥ï¸,nonbot,48,7,0 days 12:10:18,0,0,1,4.714285714285714,5
346,Leontin ich liebe dichâ¤â¤â¤â¤â¤â¤â¤â¤â¤â¤â¤â¤â¤â¤â¤â¤â¤â¤â¤â¤â¤â¤â¤â¤â¤â¤â¤â¤â¤â¤â¤â¤â¤â¤â¤â¤â¤â¤â¤â¤â¤â¤â¤â¤â¤â¤â¤â¤,nonbot,70,4,0 days 12:53:10,0,0,1,4.75,48
347,Ich liebe deine VideosğŸ‘,nonbot,23,4,0 days 03:48:04,0,0,1,4.75,1
348,"Du bist ein Held du bist ein Ehrenmann danke, dass du sowas machst.ğŸ‰ğŸ‰ğŸ‰ğŸ‰ğŸ‰ğŸ‰ğŸ‰ğŸ‰ğŸ‰ğŸ‰ ich hab dich auf jeden Fall abonniert",nonbot,115,20,0 days 00:53:56,0,0,2,4.2,10
349,"Ich liebe deine viedeos wegen Viktor â¤â¤und den Raketen ,BÃ¶llern ,Batterien â¤ Er ist sooo sympathisch ğŸ˜Šâ¤â¤â¤",nonbot,105,15,0 days 02:00:42,0,0,2,5.333333333333333,7
350,Ich liebe sein Humor ğŸ˜‚â¤,nonbot,23,4,0 days 00:18:50,0,0,1,4.25,2
351,WÃ¼rde mir so heftig wÃ¼nschen das du hart potter Kekse dekorierst liebe dich und deine Videos â¤,nonbot,94,16,0 days 00:44:59,0,0,1,4.8125,1
352,hallo fuÃŸball nerdğŸ‘‹ich gucke deine videos von anfang an.Du hast mehr oder weniger in einem jahr rund 200.000 abonenntenğŸ¥³ Einfach krassğŸ«¨,nonbot,135,21,0 days 03:03:51,0,0,3,5.238095238095238,3
353,"Lieber Herr Reichelt, DankeschÃ¶n, ich stehe voll und ganz zu Ihrem wirklich sehr guten Beitrag ğŸ™ğŸ’™ğŸ’™ğŸ’™",nonbot,99,15,0 days 23:49:13,0,1,1,5.2,4
354,Chris tall bitte mach im neuen Jahr genauso super weiter danke â¤ğŸ«¶ğŸ«¶,nonbot,66,11,0 days 16:27:52,0,0,1,4.7272727272727275,3
355,"Dieser Mann kann noch die Wahrheit sagen, ohne das am nÃ¤chsten Morgen das SEK bei ihm klingelt !! Vielen Dank fÃ¼r ihre UnterstÃ¼tzung!! Hoffentlich trÃ¤gt Sie dazu bei uns aus diesem irrenhaus zu befreien ğŸ‘ğŸ‘ğŸ‘ğŸ¤·â€â™‚ï¸ğŸ¤·â€â™‚ï¸ğŸ¤·â€â™‚ï¸ğŸ¤—ğŸ¤—ğŸ¤—",nonbot,221,34,0 days 05:34:40,1,1,3,4.96969696969697,9
356,"Wie lustig bei uns ist es auch Raclette â¤#askkalicassyÂ Was wÃ¼rdest du wen die Welt unter geht retten.Â Ich liebe deine Videos, wen ich sie sehe dann bin ich gleich wieder frÃ¶hlich ğŸ˜€Â Bitte grÃ¼ÃŸe mich. ğŸ’",nonbot,200,35,0 days 12:45:41,0,0,3,4.485714285714286,3
357,"NachtrÃ¤glich alles Gute zu Deinem Geburtstag Carsten ğŸ€ğŸ‰ğŸ‚ Mach weiter so, die AufklÃ¤rung ist sehr wichtig. Auch dieses Video trÃ¤gt dazu bei. Liebe GrÃ¼ÃŸe",nonbot,151,23,0 days 11:14:38,0,0,4,5.304347826086956,3
358,Nices Video ğŸ˜…ğŸ˜‚ğŸ‰ Guten Rutsch ins neue Jahr!ğŸ‰ğŸ†,nonbot,45,7,0 days 23:26:21,1,0,2,4.571428571428571,5
359,Viel SpaÃŸ â¤â¤ beim Silvester â¤ und DankeschÃ¶n das Kevin fÃ¼r dein FeuerwerkvideoğŸ†ğŸ†ğŸ†ğŸ†ğŸ†ğŸ‘ğŸ’du bist der beste,nonbot,102,14,0 days 01:04:33,0,1,3,5.5,10
360,Starkes Signal tolles Erlebnis das Video gute ArbeitğŸ‰,nonbot,53,8,0 days 14:46:07,0,0,1,5.625,1
361,Ich liebe deine VideosğŸ˜ğŸ˜ğŸ˜,nonbot,25,4,0 days 00:24:52,0,0,1,4.75,3
362,"Lieber Phillip vielen Dank fÃ¼r dieses erfolgreiche Jahr, dass ich nur euch zu verdanken habe â¤ï¸ und auch vielen Dank an dich dass du auch zur Weihnachtszeit immer kostenlose Videos machst und dir dafÃ¼r Zeit nimmst, Gott segne dich und deine Familie Tausend Dank ğŸ™ğŸ‘ğŸš€",nonbot,265,43,0 days 00:14:57,0,1,2,4.976744186046512,4
363,Liebe deine Videos â¤ğŸ‰,nonbot,21,3,0 days 03:01:41,0,0,1,5.333333333333333,2
364,3 liebe deine Videos â¤â¤,nonbot,23,4,0 days 00:31:48,0,0,1,4.25,2
365,Sehr â€geil gemachtâ€œ -es Video ğŸ”¥,nonbot,31,5,0 days 06:17:24,0,0,1,4.4,1
366,"Waaaass haha ist denke ich klar, viel Liebe macht echt gute videos ğŸ«¶ğŸ¼ğŸ˜",nonbot,70,12,0 days 14:24:44,0,0,1,4.5,2
367,Wie findet das Video auch coolğŸ¥³ ğŸ‘‡,nonbot,33,6,0 days 00:01:59,0,0,1,4.166666666666667,2
368,ICH LIEBE DEINE VIDEOS KANNST DU MICH GRÃœÃŸEN,nonbot,44,8,0 days 00:01:25,0,0,1,4.625,0
369,Geiles videoâ¤â¤ğŸ˜‚ğŸ˜‚ğŸ˜‚â¤,nonbot,18,2,0 days 02:54:16,0,0,1,5.5,6
370,"Ich liebe diesn Kanal , einfach nur Geil ğŸ˜‚ğŸ‘ğŸ»ğŸ‘ğŸ»ğŸ‘ğŸ» Weiter so ğŸ‘ğŸ»âœŒğŸ»ğŸ¤ŸğŸ»",nonbot,65,10,1 days 05:37:18,0,0,2,4.444444444444445,7
371,"Ich liebe deine Videos, mach bitte mehr solcher Storys ğŸ˜‚ğŸ˜‚",nonbot,57,9,0 days 08:44:50,0,0,1,5.0,2
372,Ich liebe dieses LIED ğŸŒ¹ğŸŒ¹ğŸŒ¹ğŸ˜»ğŸ˜»ğŸ˜»ğŸ˜»ğŸ˜»,nonbot,30,4,0 days 23:50:35,0,0,1,4.5,8
373,Finnel bitte bitte kom nach korb Baden WÃ¼rttemberg ich liebe deine videosâ¤,nonbot,74,12,0 days 09:45:06,0,0,1,5.166666666666667,1
374,Ich liebe die Kommis hier!!! So viel tolle kreative Ideen ğŸ˜,nonbot,59,10,0 days 06:46:20,1,0,2,4.5,1
375,Okay ğŸ‘âœ…Ã¼brigens liebe  deine Videos und bin seit Anfang an dabei â¤,nonbot,66,11,0 days 05:01:36,0,0,2,4.636363636363637,3
376,ErsteğŸ˜® liebe deine videosâ¤ğŸ‰â¤ğŸ‰â¤ğŸ‰,nonbot,31,4,0 days 00:01:46,0,0,1,5.25,7
377,Ich liebe deine Arbeit und deine KreativitÃ¤t â¤ï¸ KÃ¶nntest du mal Kekse zu Thema Voltigieren dekorieren? Es wÃ¼rde mich soooooo freuen â¤â¤â¤â¤,nonbot,136,20,0 days 00:12:28,0,0,3,5.4,5
378,Alice ich liebe dich...du bist der einzige Hoffnung fÃ¼r Deutschland,nonbot,67,10,0 days 23:28:56,0,0,2,5.5,0
379,"ğŸ’™LIEBER HELMUT, DU UND DEINE GÃ„STE, IHR SEID IMMERğŸ‘â€¼ï¸DANKEâ€¼ï¸ğŸ’•ğŸŒ",nonbot,62,9,0 days 05:23:55,0,0,1,4.888888888888889,6
380,"Es ist schÃ¶n zu wissen, daÃŸ meine Katze mich liebt, da ich sie auch sehr lieb habe!â¤ğŸ¥°",nonbot,85,17,0 days 06:09:39,1,0,1,3.764705882352941,2
381,"Ich liebe deineâ¤viedios, der Beauty spoint ist echt komisch die normalen sind wirklich besserğŸ˜…",nonbot,94,14,0 days 00:32:11,0,0,1,5.571428571428571,2
382,Mach bitte wieder Dora Videos ğŸ˜Š â¤ğŸ˜Šâ¤ğŸ˜Šâ¤ğŸ˜Šâ¤ğŸ˜Šâ¤ğŸ˜Šâ¤ğŸ˜Šâ¤ğŸ˜Šâ¤bitte wieder Dora!!!!â¤â¤â¤,nonbot,71,8,0 days 00:08:55,1,0,2,5.0,19
383,Wow danke fÃ¼r diese wunderbaren Worte ğŸ«¶ğŸ»ğŸ™ğŸ»,nonbot,42,6,0 days 04:35:32,0,0,1,5.333333333333333,2
384,13:30 â€Danke fÃ¼r die Rose ğŸŒ¹â€œ Ich hÃ¶re einfach nur noch das wenn ich sein Gesicht seheâ€¦,nonbot,86,17,0 days 12:44:44,0,1,1,4.0625,1
385,Ich wÃ¼rde die mittleren Spiesse noch ein wenig aus einander setzen dann ist das Risiko kleiner das mal eine Balle nicht richtig hÃ¤lt aber nur meine Meinung Danke fÃ¼rs gute Video ğŸ‘,nonbot,179,31,-1 days +05:24:45,0,1,1,4.741935483870968,1
386,Vielen Dank lieber Ceddo und lieber Dennis fÃ¼r euer Adventsspecial mit den zwei Videos pro Tag! ğŸ’• Das war echt super toll! Jetzt habt ihr euch den Urlaub richtig verdient! ğŸ¤—,nonbot,173,29,0 days 12:45:54,1,1,3,4.758620689655173,2
387,"WunderschÃ¶ne Gedanken und Worte, lieber Raphael. Vielen Dank, dass Du uns hier an Deiner Reise durch die RauhnÃ¤chte teilhaben lÃ¤sst â¤ğŸ˜Š",nonbot,134,20,0 days 03:20:10,0,1,2,5.45,2
388,"Abonniert, danke fÃ¼r das Video ğŸ‘ğŸ‘ğŸ‘",nonbot,34,5,0 days 14:16:32,0,0,1,5.0,3
389,Sooo ein geiles Format. Ich liebe es!ğŸ˜,nonbot,38,7,0 days 03:25:03,1,0,2,4.142857142857143,1
390,KÃ¶nntest du das selbe nur mit Creepern machen? WÃ¤re echt cool!!! Liebe deine Videosâ™¥ï¸ğŸ‰,nonbot,86,14,0 days 01:55:58,1,0,3,4.714285714285714,2
391,Mohi du bist der beste mach weiter so ich liebe deine Videos ğŸ¤£ğŸ¤£ğŸ¤£,nonbot,64,12,0 days 23:49:35,0,0,1,4.083333333333333,3
392,Ich liebe ihn einfach und sein Humor! Mit der beste Comedian Deutschlands ğŸ‰ğŸ˜,nonbot,76,12,0 days 22:33:09,1,0,2,5.083333333333333,2
393,"Ihr habt das so gut gemacht, herzlichen Dank dafÃ¼r ihr LiebenğŸ¥°ğŸ™",nonbot,63,11,0 days 13:21:34,0,1,1,4.545454545454546,2
394,Danke dir und ein gutes neues Jahr âœŒğŸ¼ğŸ«¶ğŸ½ğŸ‘ŒğŸ¼ğŸ‡¨ğŸ‡­â˜ºï¸â—ï¸,nonbot,47,7,0 days 05:05:14,0,1,1,4.0,6
395,Richtig cooles Video mach weiter so ğŸ’ªğŸ’ª,nonbot,38,6,0 days 00:19:09,0,0,1,5.0,2
396,"Danke liebe Nina, du bist ein Engel und ein Segen. ğŸ™â¤ï¸",nonbot,54,10,0 days 13:54:26,0,1,1,3.9,2
397,NachtrÃ¤glich frohe weihnachten!! â¤ liebe dich jessie du bist  die besteğŸ€ğŸ¹,nonbot,73,10,0 days 17:02:51,1,0,3,5.7,3
398,Herr KlÃ¶ppel danke fÃ¼r ihre stÃ¤ndigen Infos .. kommen sie gut und gesund ins neue Jahr ğŸ€,nonbot,88,16,0 days 10:11:01,0,0,2,4.6,1
399,Echt Lehrreiche und Liebevolle StorryğŸ˜Šâ¤,nonbot,39,5,1 days 05:08:48,0,0,1,6.6,2
400,Das video war so geilğŸ˜‚ğŸ˜‚ğŸ˜‚ğŸ˜‚,nonbot,25,5,0 days 12:07:41,0,0,1,3.4,4
401,Ich liebe deine ViediosğŸ˜Šâ¤ğŸ‰,nonbot,26,4,0 days 00:50:43,0,0,1,5.0,3
402,"Hi, ich liebe eure Videos und hÃ¤tte noch eine Idee. Ihr kÃ¶nntet doch mal Siri euren Tag bestimmen lassen. Ihr seid die besten â¤ï¸ğŸ‘‹",nonbot,129,23,0 days 10:41:07,0,0,3,4.3478260869565215,2
403,"Der Bericht war wirklich toll und sehr informativ â€“ vielen Dank dafÃ¼r! ğŸ‘ Ich stimme den Gutachtern absolut zu und teile deren EinschÃ¤tzung, vom Kauf abzusehen. Der Verkaufspreis erscheint mir im Vergleich zum damaligen Neupreis viel zu hoch, besonders wenn man bedenkt, dass das Boot fast 50 Jahre alt ist. â›µï¸ Der Schaden am Teakdeck ist aus meiner Sicht sehr problematisch, da die Reparatur nicht nur teuer ğŸ’°, sondern auch extrem aufwendig ist. Hinzu kommt die Unsicherheit, welche weiteren SchÃ¤den â€“ insbesondere am Sandwichkern â€“ mÃ¶glicherweise vorhanden sind. â—ï¸ Insgesamt ein sehr riskantes Angebot.",nonbot,604,91,0 days 03:01:42,1,1,6,5.632183908045977,4
404,"Hallo ihr lieben,wÃ¼nsche euch von ganzen Herzen ein guten Rutsch ins Neue Jahr.Bleibt gesund und drÃ¼cke euch die Daumen das alles gut geht ihr seit ne starke Familie.â¤ğŸ‘ğŸ€ğŸ€ğŸ€ğŸ‡ğŸ‡ğŸ‰",nonbot,174,28,0 days 21:36:35,0,0,2,4.857142857142857,8
405,Vielen Dank fÃ¼r diesen tollen Stream mit vielen geilen MomentenğŸ˜‚ Gute Nacht und ich freu mich schon auf den nÃ¤chsten Stream,nonbot,123,21,-1 days +23:37:50,0,1,1,4.857142857142857,1
406,Liebe GrÃ¼ÃŸe und guten Rutsch ğŸ’«âœ¨ğŸŒŸâ­ï¸,nonbot,34,5,0 days 00:15:15,0,0,1,4.8,4
407,Danke das wÃ¼nsche ich Ihnen auchğŸ‰ğŸ‰,nonbot,34,6,1 days 03:25:18,0,1,1,4.5,2
408,"DankeschÃ¶n fÃ¼r die Info, einen guten Rutsch ins neue Jahr ğŸ€",nonbot,59,10,0 days 08:55:30,0,1,1,4.7,1
409,Besten videos ğŸ˜‚ğŸ˜‚ğŸ˜‚ğŸ˜‚,nonbot,18,2,0 days 19:22:35,0,0,1,6.0,4
410,Top Video ehrlich ğŸ‘ğŸ¾,nonbot,20,3,0 days 06:44:40,0,0,1,5.0,1
411,Ich liebe euchğŸ˜‚ğŸ˜‚ğŸ˜‚,nonbot,17,3,0 days 13:52:14,0,0,1,4.0,3
412,Vielen Dank fÃ¼r Deine wertvolle Arbeit ğŸ‘,nonbot,40,6,0 days 01:42:01,0,1,1,5.5,1
413,Wie lustig und sympathisch kann eine Familie bitte sein ğŸ¥¹ğŸ¥° bei jedem Video sterbe ich gefÃ¼hlt vor lachen !!!,nonbot,108,18,0 days 09:42:02,1,0,2,5.0,2
414,Liebe deine Videos ğŸ’“ğŸ’“ğŸ’“ğŸ’‹ğŸ’“,nonbot,24,3,0 days 02:35:01,0,0,1,5.333333333333333,5
415,Liebe euch ihr seid die besten Youtuberâ¤ğŸ‰,nonbot,41,7,0 days 08:51:56,0,0,1,4.714285714285714,2
416,Lieber @EureVideosFahrnuenftig ich verfolge dich schon etwas lÃ¤nger und wollte einfach mal Danke sagen. Danke fÃ¼r die vielen schÃ¶nen Videos und danke fÃ¼r die Unterhaltung â¤ Komm gut ins neue Jahr.,nonbot,196,30,0 days 04:25:04,0,1,3,5.4,1
417,Die Musik im Video ist lauter als der Knall ğŸ’€,nonbot,45,9,1 days 00:22:17,0,0,1,3.888888888888889,1
418,Ich liebe Dich ğŸ’–,nonbot,16,3,0 days 07:52:40,0,0,1,4.0,1
419,"Lieber Sirwan, ich wÃ¼nsche Dir ein astronomisch gutes Raumfahrtjahr 2025!ğŸ¤—",nonbot,74,10,1 days 04:48:05,1,0,1,6.2,1
420,"Moin liebe Maren, unglaublich was du fÃ¼r tolle Ideen hastğŸ˜ Liebe GrÃ¼ÃŸe",nonbot,70,12,0 days 04:55:42,0,0,1,4.75,1
421,"ğŸ€ğŸ€ğŸ€ Herzlichen Dank fÃ¼r deine wunderbaren Ideen, deine unterhaltsamen Videos und damit ganz viele GlÃ¼cksmomente in meinem Zuhause. Ich wÃ¼nsche dir und deinen Lieben ein frÃ¶hliches Fest, um ins neue Jahr zu rutschen. Alles Liebe, Gesundheit und GlÃ¼ck fÃ¼r 2025. ğŸ˜ƒğŸ€ Freue mich auf das Wiedersehen. GrÃ¼ÃŸe aus der LÃ¼neburger Heide. KerstinğŸ‰",nonbot,335,50,0 days 15:36:15,0,1,6,5.4,6
422,Zum BrÃ¼llen!ğŸ˜…ğŸ˜…ğŸ˜…Danke und gudn Rudsch!â¤ğŸ‰ğŸ˜‚,nonbot,40,5,1 days 00:23:20,1,1,2,5.6,6
423,Ich liebe eure Videos ğŸ˜‚,nonbot,23,4,0 days 20:16:21,0,0,1,4.5,1
424,"Vonâ¤danke liebe Silke und Team! Und Allen da drauÃŸen ein licht-,liebe- und friedvolles Jahr in Vertrauen auf die gÃ¶ttliche FÃ¼hrung ğŸ‰â¤ğŸ˜Š",nonbot,134,20,0 days 20:20:04,1,0,2,5.3,4
425,"Liebe Monika, Das ist ja echt ein sÃ¼ÃŸes TÃ¤schchen mit dem Henkel  â¤ Danke fÃ¼r immer wieder schÃ¶nen und brauchbaren Ideen Ideen â¤.  WÃ¼nsche dir und deiner Familie einen wunderschÃ¶nen Start in ein gesundes und zufriedenes Neues Jahr,  Alles Liebe ğŸ’ğŸ€ğŸ˜",nonbot,248,39,0 days 04:47:18,0,1,4,5.184210526315789,5
426,"Tolle kreative Ideen fÃ¼r den SilvesterabendğŸ‰ğŸ€Danke dir, liebe Lauraâ¤ Hab einen gesunden Start ins neue Jahr ğŸ€ğŸ™ğŸ‘‹",nonbot,111,16,0 days 08:58:53,0,1,1,5.5,6
427,Super lustiges Video ğŸ˜‚ğŸ˜‚ğŸ˜‚,nonbot,24,3,0 days 16:09:37,0,0,1,6.0,3
428,"Danke an alle RettungssanitÃ¤ter ğŸ«‚  alles Gute an das tapfere MÃ¤dchen.mÃ¶ge Gott Dich immer beschÃ¼tzen, MÃ¤uschen ğŸŒ¿",nonbot,112,15,0 days 07:40:03,0,1,3,6.066666666666666,2
429,Haha sehr geil ich liebe es ğŸ¤£ğŸ¤£ğŸ¤£ğŸ™ğŸ»,nonbot,33,6,0 days 01:02:22,0,0,1,3.6666666666666665,4
430,Du bist soooo eine Coole Yutuberin â¤â¤â¤ liebe deine Vidiosâ¤â¤â¤ğŸ‰,nonbot,61,9,0 days 01:01:31,0,0,2,5.0,7
431,Vielen Dank ğŸ™ğŸ» WÃ¼nsche Dir und Mama Regina einen guten Rutsch ins neue Jahr ğŸ‰.Vielen Dank fÃ¼r deine Arbeit und deine tollen Videos â¤â¤â¤,nonbot,134,22,0 days 04:51:39,0,1,3,4.7272727272727275,5
432,ich liebe deine Videos und gute BesserungğŸ˜ƒâ¤â¤ğŸ’–,nonbot,45,7,0 days 04:00:24,0,0,1,5.0,4
433,"Liebe Monika. Ich wÃ¼nsche dir, deiner Familie sowie allen deinen AnhÃ¤ngerinnen einen guten Rutsch und ein erfolgreiches NÃ¤hjahr.ğŸ‰ğŸ˜Š",nonbot,130,18,0 days 06:37:22,0,0,2,6.0,2
434,"Genau dafÃ¼r liebe ich diesen Kanal: echt und authentisch, nicht immer schick und schÃ¶n, wie das echte Leben eben ist. Weiter so, lieber NDR ğŸ‘ Und fÃ¼r alle Landwirte mein groÃŸer Respekt, schon jetzt alles Gute fÃ¼r 2025ğŸ‘‹ğŸšœğŸ’¨",nonbot,220,37,0 days 00:33:35,0,0,3,4.675675675675675,4
435,ğŸ¤©ğŸ«¶DankeschÃ¶n liebe Silke,nonbot,24,3,0 days 20:04:31,0,1,1,6.666666666666667,2
436,"Es macht immer wieder groÃŸe Freude,  euch bei der Bescherung zu zuschauen.  Ihr seid so genÃ¼gsam und Dankbar ğŸ«¶ğŸ„ğŸ«¶ viele Liebe GrÃ¼ÃŸe ğŸ«¶",nonbot,132,21,0 days 09:13:29,0,1,4,4.857142857142857,4
437,"Das war Spannung pur, Danke fÃ¼r dieses epische Duell ğŸ™ğŸ™ğŸ™",nonbot,56,9,0 days 06:16:19,0,1,1,4.777777777777778,3
438,â¤ vielen lieben Dank fÃ¼r diese tollen Ideen ğŸ‰ ich wÃ¼nsche dir einen guten Rutsch ins neue Jahr ğŸ€,nonbot,96,16,0 days 04:31:45,0,1,2,4.6875,3
439,"Ich Danke dir, fÃ¼r deine ehrlichen und wichtigen AufklÃ¤rungsvideos.ğŸ˜˜â¤ğŸŒğŸ•Š",nonbot,71,9,0 days 17:58:12,0,1,1,6.333333333333333,4
440,"â¤â¤â¤Vielen â¤ï¸ lichen Dank liebe Silvia fÃ¼r deine unermÃ¼dliche Arbeit fÃ¼r uns alle Danke Danke Danke â¤ï¸ Du liegst immer wieder richtig, man muÃŸ nur aufpassen und sich auch damit befassen. Das eigene Denken und hinterfragen ist essenzielle voraussetzung fÃ¼r DAS VerstÃ¤ndnis. ICH wÃ¼nsche Dir ein gutes und erfolgreiches Neues Jahr 2025 Gesundheit und  GlÃ¼ck fÃ¼r die Zukunft Danke fÃ¼r dein Sein LG Sofia Sonja aus MÃ¼nchen ğŸ’ ğŸŒ¹ ğŸ€ ğŸ™ ğŸ’ â¤â¤â¤â¤â¤",nonbot,432,65,1 days 01:54:18,0,1,6,5.2153846153846155,15
441,Endlich ich liebe dieses Format ğŸ’“ğŸ’“ğŸ’“,nonbot,35,5,0 days 01:45:34,0,0,1,5.4,3
442,Ich liebe immer deine Videos ğŸ˜Š,nonbot,30,5,0 days 00:01:23,0,0,1,4.8,1
443,Danke fÃ¼r die Info ğŸ˜Š und guten Rutsch ins neue Jahr ğŸ‰,nonbot,53,10,0 days 01:10:03,0,1,2,4.0,2
444,"9:58 so true ğŸ˜‚, liebe deine Videos â¤ï¸",nonbot,37,7,0 days 01:20:31,0,0,1,4.166666666666667,2
445,Icrimax du bist beste Youtubeer danke das du mich gekrÃ¼ÃŸt hast ğŸ˜ŠğŸ‰ ich feier dich schÃ¶n seit vielen Jahren. Ich heiÃŸe Sem ich hab mich nur verschrieben aber danke das du mich trotzdem gekrÃ¼ÃŸt hastğŸ‰ğŸ‰ğŸ˜Š,nonbot,198,34,1 days 00:12:33,0,0,3,4.647058823529412,5
446,ğŸ’–echt cooles video von lehrenfrau ich liebes coolioğŸ’–ğŸ°,nonbot,53,8,0 days 07:19:20,0,0,1,5.375,3
447,"Einen guten Rutsch wÃ¼nsche ich dir auch,lieber Alex-Gesundheit und GlÃ¼ck ğŸ‰ğŸ€ğŸ’¥ğŸğŸ‡LG DaniğŸ‘‹ğŸ‘‹",nonbot,87,12,0 days 15:14:45,0,0,1,5.583333333333333,7
448,Ich gucke dich schon seit 4 Jahren Paula und ich liebe dich einfach Ã¼ber alles ğŸ’“ğŸ’“ğŸ’“ğŸ’“ğŸ’“ğŸ’“ğŸ’“â¤ï¸â¤ï¸â¤ï¸â¤ï¸ğŸ¥°ğŸ˜ğŸ¤ªğŸ˜… fÃ¼r mich bist du einfach die beste tiktokerin youtuberin auf der ganzen Welt,nonbot,175,28,0 days 14:35:39,0,0,2,4.571428571428571,15
449,"Angst ist keine wirkliche Alternative zur Liebe! ğŸ’– Starre nicht zur Lebendigkeit. ğŸ§¡ğŸ’œ Inne halten, durchatmen und mutig weiter schreiten, gesund SEIN - auch mental und emotional, das wÃ¼nsche ich uns Allen fÃ¼r das kommende Jahr! ğŸ’«ğŸ©µğŸ§šâ€â™€ï¸â­ï¸ğŸ’œğŸ€ğŸ‘",nonbot,238,34,0 days 20:24:37,1,0,3,5.484848484848484,10
450,"Danke fÃ¼r dieses schÃ¶ne Jahresabschluss Video, lieber Rainer â¤ï¸. Ich wÃ¼nsche dir und deiner Familie auch einen guten Rutsch und alles Gute fÃ¼r 2025ğŸ€ğŸš²ğŸ›´â¤ï¸",nonbot,152,24,0 days 18:25:47,0,1,2,5.217391304347826,5
451,"Danke liebe Nina â¤,es ist sehr schÃ¶n dir zuzu hÃ¶ren ğŸ€ğŸ«¶",nonbot,54,10,0 days 18:59:21,0,1,1,4.0,3
452,Marek und Thomas ich liebe euch beide.â˜ºğŸ¥° Ihr seid echte MÃ¤nner mit klasse und Charakter.ğŸ‘ğŸ‘ğŸ‘,nonbot,91,15,0 days 23:22:26,0,0,2,4.666666666666667,5
453,Ihr seid soo lustigâ¤â¤ ich liebe eure videos â¤ğŸ˜ŠğŸ‰,nonbot,47,8,0 days 00:03:09,0,0,1,4.25,5
454,"Hi Paul, irgendwie ein Mega geiles Video. Deine hochwertigen Videos. Erste Sahne ğŸ‘.Location super schÃ¶n. War ja mal eine groÃŸe Firma . WÃ¼nsche dir und Harald einen guten Rutsch ğŸ† liebe GrÃ¼ÃŸe Katrin â¤ğŸ™ğŸ»",nonbot,201,32,0 days 05:41:30,0,0,7,5.064516129032258,4
455,Alles Gute im Urlaub Omid. Komm Gut erholt zurÃ¼ck. Liebe GrÃ¼ÃŸe.ğŸ€ğŸ’ª,nonbot,65,11,0 days 13:30:12,0,0,3,4.545454545454546,2
456,Ich liebe deine Videos ğŸ’,nonbot,24,4,1 days 01:43:14,0,0,1,4.75,1
457,Super originelle Idee ğŸ˜Š DankeschÃ¶n,nonbot,34,4,0 days 05:14:03,0,1,2,7.25,1
458,"Moin, guten Rutsch und ein gesegnetes neues Jahr fÃ¼r Euch und Euren Familien. Macht bitte im nÃ¤chsten Jahr so weiter ich freu mich drauf und bin dabei. Liebe GrÃ¼ÃŸe aus dem MÃ¼nsterland ğŸ˜€ğŸ˜€ğŸ˜€ğŸ‘ğŸ‘ğŸ‘",nonbot,190,32,0 days 03:15:08,0,0,3,4.65625,6
459,SchÃ¶nes altes Video ğŸ‘,nonbot,21,3,0 days 07:18:10,0,0,1,5.666666666666667,1
460,Ohv Friends ğŸ’™ Liebe dich und deine Videos ğŸ˜‚,nonbot,43,7,0 days 04:50:59,0,0,2,4.714285714285714,2
461,"So isses leider! Im neuen Jahr einfach abschaffen, oder...ğŸ˜‚ Alles Gute fÃ¼r 2025 wÃ¼nsche ich Ihnen, lieber Herr Sonneborn! ğŸ¥‚ğŸ¾ğŸ‰âœŒï¸",nonbot,127,19,0 days 12:57:21,1,0,3,5.0,5
462,"Ihr seit auch zu dritt die geilsten! Was fÃ¼r eine irre Leistung,  ich ziehe meinen Hut! Euch einen guten Rutsch und herzlichen Dank fÃ¼r die tollen Videos und die vielen Arbeit drumherum!ğŸ‰â¤",nonbot,188,32,1 days 04:04:55,1,1,4,4.6875,2
463,"Liebe Andrea, ich wÃ¼nsche dir einen guten Start ins neue Jahr. ğŸ‰vielen dank fÃ¼r deine tollen Videos ğŸ€ğŸ€ğŸ€",nonbot,103,17,0 days 02:16:44,0,0,2,4.705882352941177,4
464,ğŸ˜‚ğŸ˜‚ mega liebe eure Videos â¤â¤,nonbot,28,4,0 days 00:04:28,0,0,1,4.75,4
465,Moin Tridan ich lieben deine videos und Streams. â¤ğŸ˜Š,nonbot,51,8,0 days 00:16:58,0,0,1,5.0,2
466,Voll cool ich liebe eure VideosğŸ˜‚ğŸ˜‚,nonbot,33,6,0 days 01:41:23,0,0,1,4.333333333333333,2
467,"Hi Gesa, mega! Freue mich soooooo fÃ¼r Euch! ğŸ¥³ğŸ¥‚âœ¨ Alles Liebe und danke das ihr uns mitnehmtâ€¦ ğŸ¤",nonbot,93,16,0 days 00:55:47,1,0,3,4.25,4
468,Lieber Alex ich danke Dir fÃ¼r deineDeine geniale Arbeit in 2024 und ich freu mich auf Dich in 2025 ğŸ¥³ğŸ¥³ allen hier einen guten Rutsch und mit den besten WÃ¼nschen  ğŸ€ğŸ’–ğŸ€,nonbot,164,29,0 days 07:08:10,0,0,2,4.413793103448276,5
469,"Liebe Petra, so viele Sonntagmorgen ich jetzt schon bei dir verbracht habe- immer wieder eine Freude! Deine Ruhe, tolle Bilder und Motivation an uns es selbst zu tun ist wunderbar- danke â¤ï¸und komm gut in das neue Jahrâœ¨ bis bald ğŸ¤—",nonbot,230,40,0 days 14:38:47,1,0,2,4.525,3
470,"Ich liebe diese Serie!!! HÃ¤tte nicht gedacht, dass sie mich so hart fesselt. Mega geiles Projekt. â¤",nonbot,99,16,0 days 17:32:26,1,0,3,4.75,1
471,Liebe euer Videos pls Pin ğŸ“Œâ¤ï¸âœ¨âœ¨âœ¨(wurde noch nie gepinnt ),nonbot,57,10,0 days 06:25:05,0,0,1,4.444444444444445,5
472,Erste ich liebe deine videosâ¤â¤â¤ğŸ˜ŠğŸ˜ŠğŸ˜ŠğŸ˜Š,nonbot,35,5,0 days 00:00:34,0,0,1,4.8,7
473,Ich liebe eure Reactions â¤und ihr seit so ein sÃ¼ÃŸes Paar nur das Beste fÃ¼r euch â¤â¤â¤ğŸ˜Š,nonbot,84,16,0 days 05:36:40,0,0,1,3.9375,5
474,Basti ich liebe dich â¤ï¸,nonbot,23,4,0 days 02:23:12,0,0,1,4.25,1
475,Ich  liebe deine Videos Weill sie immer so besonders sin â¤ğŸ˜…,nonbot,59,10,0 days 00:31:03,0,0,2,4.6,2
476,Ich mag dich einfach trotzdem machst du schÃ¶n Videos â¤â¤â¤â¤â¤â¤â¤â¤â¤â¤â¤â¤â¤â¤â¤â¤ Ich mag dich sehr â¤â¤â¤â¤â¤â¤â¤â¤ğŸ–¤ğŸ–¤ğŸ–¤ğŸ–¤ğŸ–¤ğŸ–¤ğŸ–¤ğŸ–¤ğŸ–¤ğŸ–¤ğŸ–¤ğŸ’«ğŸ’«ğŸ’«ğŸ’«ğŸ’«ğŸ’«ğŸ’«,nonbot,114,13,0 days 00:57:32,0,0,2,4.461538461538462,42
477,Danke euch fÃ¼r die vielen tollen Videos und einen gesunden Rutsch ins Neue Jahr 2025 ğŸ˜ğŸ––âœ¨ğŸ’«ğŸ‰ğŸŠğŸ¥³ğŸğŸ’šğŸ¤—ğŸ€,nonbot,96,15,0 days 00:28:14,0,1,1,4.666666666666667,11
478,Guten Rutsch ins neue Jahr ğŸ˜Š Vielen Dank fÃ¼r die ganz vielen tollen Videos im Jahr 2024 ğŸ˜‡,nonbot,89,16,0 days 23:09:24,0,1,2,4.375,2
479,Alle die das Video sehen bevor es viral geht ğŸ‘‡,nonbot,46,9,0 days 00:03:12,0,0,1,4.0,1
480,Sag mal wieso hat er beim Lehrnen diese Maske aufğŸ˜…? Liebe deine Videos trotzdemâ¤ğŸ˜Š,nonbot,81,14,0 days 11:39:14,0,0,2,4.571428571428571,3
481,"KÃ¤mpfe wacker weiter fÃ¼r Gerechtigkeit und die Sache! FÃ¼r AufklÃ¤rung, Frieden, Liebe und Freiheit â£ï¸âœŒğŸ¼ğŸ€ğŸ’™",nonbot,104,14,0 days 03:08:14,1,0,2,5.785714285714286,4
482,War nice mal gegen einen pro zu spielen Danke das ich mitmachen durfte! ğŸ¥°,nonbot,73,13,0 days 09:32:20,1,1,1,4.461538461538462,1
483,Sehr geile alte Locationâ¤ğŸ­ wÃ¼rde mir mal wieder Locations aus Deutschland wÃ¼nschen. Liebe GrÃ¼ÃŸe aus Niedersachsen,nonbot,113,16,0 days 08:09:49,0,0,2,5.9375,2
484,Guten Rutsch an alleğŸ‰Und danke fÃ¼r das geile Jahr,nonbot,49,9,0 days 00:17:46,0,0,1,4.444444444444445,1
485,Muss einfach mal danke sagen fÃ¼r beste Unterhaltung das ganze Jahr. Sorgst immer wieder fÃ¼r miese LachkrÃ¤mpfe â¤ï¸ Von einem stillen Zuschauer: Danke BrÃ¶sler,nonbot,155,23,0 days 00:09:15,0,1,3,5.565217391304348,1
486,"Danke, Mouz fÃ¼r die emsige Arbeit und die vielen Tipps in 2024. Komm gut rÃ¼ber und starte erfolgreich rein ins neue Jahr... ğŸ‰",nonbot,125,22,0 days 05:11:16,0,1,2,4.409090909090909,1
487,"Lieber Micha, liebe KnÃ¶deltiere und lieber Chat, ich wÃ¼nsche allen ein guten Rutsch und ein gutes neues Jahr. Bleibt alle gesund ğŸ˜»â˜ºï¸",nonbot,132,21,0 days 18:25:53,0,0,2,5.0,2
488,Schaue es nochmal ist einfach toll.Vielen Dankâ¤ğŸ˜Š,nonbot,48,7,0 days 17:11:59,0,1,2,5.571428571428571,2
489,Phahaha ich lach mich tot ğŸ˜‚ğŸ˜‚â¤ Danke fÃ¼r das Video! â¤â¤ğŸ˜‚ğŸ‰,nonbot,55,9,0 days 03:50:39,1,1,2,4.111111111111111,7
490,Wahr das das Lezte Video in 2024? ğŸ˜­ğŸ˜­ğŸ˜­ğŸ˜­ğŸ˜­ğŸ˜­ğŸ˜­ğŸ˜­ğŸ˜­ Und ich liebe deine Videos HeiÃŸe FinjağŸ˜Š,nonbot,83,14,0 days 01:52:08,0,0,2,4.142857142857143,10
491,Herzlichen GlÃ¼ckwunsch zu den 20k subscribersğŸ™ŒğŸ»habt ihr echt verdient! Ich liebe eure Reactions ğŸ˜ğŸ˜,nonbot,98,13,0 days 08:33:06,1,0,2,6.153846153846154,3
492,IDzock morgen ist Silvester!!!! â¤ also viel GlÃ¼ck und cooles videoğŸ‰ğŸ‰ğŸ‰â¤â¤â¤,nonbot,72,10,0 days 06:09:11,1,0,2,5.1,7
493,Herzlichen Dank fÃ¼r die Informationen ğŸ˜ŠğŸ˜…ğŸ˜Š,nonbot,41,5,0 days 01:34:31,0,1,1,6.6,3
494,OMG wie Sie schaut ich Liebe eure Viedeos viel GlÃ¼ck im nÃ¤chsten Jahr mach weiter so â¤â¤â¤â¤ğŸ˜‚ğŸ˜‚ğŸ˜‚ğŸ˜‚ğŸ˜‚,nonbot,94,16,0 days 02:29:33,0,0,1,4.3125,9
495,SchÃ¶nes und informatives Video!ğŸ‰ğŸ†ğŸ§¨Vielen Dank dafÃ¼r und bitte weiter so und MEHR DAVON!!âœ¨ï¸ğŸ‘ğŸ‘ğŸ’ªğŸŒŸğŸ’¯Dir einen guten Rutsch und fÃ¼r 2025 Alles Gute!!ğŸ‰,nonbot,144,21,0 days 01:08:08,1,1,3,5.142857142857143,10
496,"Hey, Vielen lieben Dank fÃ¼r das Video und fÃ¼r das tolle Jahr hat richtig SpaÃŸ gemacht ^^ und wÃ¼nsche allen einen guten Rutsch ins neue Jahr 2025 und bleibt Gesund âœŒï¸â¤ï¸",nonbot,167,30,0 days 05:05:33,0,1,1,4.482758620689655,2
497,Frohes neues Jahr und alles Gute fÃ¼r die Zukunft lieber Domi â¤ï¸ğŸ˜Š,nonbot,64,11,0 days 14:28:45,0,0,1,4.545454545454546,2
498,Ich liebe diesen Kanal ğŸ¥°,nonbot,24,4,0 days 00:11:22,0,0,1,4.75,1
499,Lieber Basti. Herzlichen GlÃ¼ckwunsch zu deinen 2 Millionen und nur das beste fÃ¼r 2025 fÃ¼r dich. Ich werde mit am Start sein und freue mich auf deine weiteren Projekte. ğŸ‰ğŸ‰ğŸ‰,nonbot,171,29,0 days 06:16:03,0,0,3,4.689655172413793,3
